ts_code,ann_date,end_date,audit_result,audit_agency,audit_sign
000004.SZ,20180428,20171231,带强调事项段的无保留意见,大华会计师事务所,"胡进科,赵君"
000005.SZ,20190425,20181231,带强调事项段的无保留意见,中审众环会计师事务所,"罗跃龙,杨旭"
000005.SZ,20180421,20171231,带强调事项段的无保留意见,中审众环会计师事务所,"罗跃龙,杨旭"
000005.SZ,20170427,20161231,带强调事项段的无保留意见,中审众环会计师事务所,"罗跃龙,曾毅凯"
000005.SZ,20160427,20151231,带强调事项段的无保留意见,中审众环会计师事务所,"罗跃龙,曾毅凯"
000005.SZ,20150411,20141231,带强调事项段的无保留意见,中审亚太会计师事务所,"李新首,曾毅凯"
000005.SZ,20140426,20131231,带强调事项段的无保留意见,中审亚太会计师事务所,"李新首,张文华"
000005.SZ,20130424,20121231,带强调事项段的无保留意见,中审亚太会计师事务所,"李新首,曾毅凯"
000005.SZ,20120424,20111231,带强调事项段的无保留意见,中审亚太会计师事务所,"李新首,曾毅凯"
000005.SZ,20110430,20101231,保留意见,深圳市鹏城会计师事务所,"易永健,王剑波"
000005.SZ,20100430,20091231,带强调事项段的无保留意见,深圳市鹏城会计师事务所,"易永健,王剑波"
000007.SZ,20190430,20181231,带强调事项段的无保留意见,中兴财光华会计师事务所,"肖志军,胡芬芳"
000007.SZ,20190430,20181231,带强调事项段的无保留意见,中兴财光华会计师事务所,"肖志军,胡芬芳"
000007.SZ,20180424,20171231,保留意见,中审众环会计师事务所,"巩启春,周小春"
000007.SZ,20150430,20141231,带强调事项段的无保留意见,瑞华会计师事务所,"易永健,李泽浩"
000007.SZ,20110423,20101231,带强调事项段的无保留意见,深圳市鹏城会计师事务所,"易永健,王培"
000007.SZ,20100421,20091231,带强调事项段的无保留意见,深圳鹏城会计师事务所,"王培,文爱凤"
000010.SZ,20190425,20181231,带强调事项段的无保留意见,中勤万信会计师事务所,"李光初,刘雪亮"
000010.SZ,20180427,20171231,带强调事项段的无保留意见,中勤万信会计师事务所,"李光初,刘雪亮"
000010.SZ,20170422,20161231,带强调事项段的无保留意见,中勤万信会计师事务所,"李光初,刘雪亮"
000010.SZ,20110429,20101231,带强调事项段的无保留意见,深圳市鹏城会计师事务所,"杨平高,杨盛巧"
000010.SZ,20100422,20091231,带强调事项段的无保留意见,深圳市鹏城会计师事务所,"杨平高,杨盛巧"
000017.SZ,20190420,20181231,带强调事项段的无保留意见,天职国际会计师事务所,"陈志刚,张磊"
000017.SZ,20180418,20171231,带强调事项段的无保留意见,天职国际会计师事务所,"陈志刚,张磊"
000017.SZ,20170427,20161231,带强调事项段的无保留意见,天职国际会计师事务所,"陈志刚,张磊"
000017.SZ,20160425,20151231,带强调事项段的无保留意见,瑞华会计师事务所,"李泽浩,任玮星"
000017.SZ,20150403,20141231,带强调事项段的无保留意见,瑞华会计师事务所,"陈松波,任玮星"
000017.SZ,20140428,20131231,带强调事项段的无保留意见,瑞华会计师事务所,"陈松波,任玮星"
000017.SZ,20130427,20121231,无法表示意见,国富浩华会计师事务所,"陈松波,任玮星"
000017.SZ,20120421,20111231,无法表示意见,深圳市鹏城会计师事务所,"吕亚丽,杨盛巧"
000017.SZ,20110427,20101231,无法表示意见,深圳市鹏城会计师事务所,"韦长英,吕亚丽"
000017.SZ,20100427,20091231,无法表示意见,深圳市鹏城会计师事务所,"李海林,韦长英"
000018.SZ,20190430,20181231,无法表示意见,利安达会计师事务所,"王新宇,周忠华"
000018.SZ,20150211,20141231,带强调事项段的无保留意见,大华会计师事务所,"徐海宁,杨春祥"
000018.SZ,20140228,20131231,带强调事项段的无保留意见,大华会计师事务所,"徐海宁,杨春祥"
000018.SZ,20130423,20121231,带强调事项段的无保留意见,信永中和会计师事务所,"张伟坚,夏伟"
000018.SZ,20120424,20111231,带强调事项段的无保留意见,信永中和会计师事务所,"张伟坚,夏伟"
000018.SZ,20110429,20101231,带强调事项段的无保留意见,信永中和会计师事务所,"张伟坚,夏伟"
000018.SZ,20100409,20091231,带强调事项段的无保留意见,信永中和会计师事务所,"郭晋龙,夏伟"
000023.SZ,20130329,20121231,带强调事项段的无保留意见,大华会计师事务所,"杨熹,张朝铖"
000025.SZ,20120414,20111231,带强调事项段的无保留意见,中审国际会计师事务所,"周武重,秦昌明"
000030.SZ,20130125,20121231,带强调事项段的无保留意见,大华会计师事务所,"陈葆华,邱俊洲"
000030.SZ,20120316,20111231,带强调事项段的无保留意见,大华会计师事务所,"陈葆华,邱俊洲"
000030.SZ,20110427,20101231,带强调事项段的无保留意见,立信大华会计师事务所,"陈葆华,邱俊洲"
000030.SZ,20100430,20091231,无法表示意见,立信大华会计师事务所,"陈葆华,邱俊洲"
000034.SZ,20100310,20091231,带强调事项段的无保留意见,深圳南方民和会计师事务所,"田景亮,李花"
000035.SZ,20140312,20131231,带强调事项段的无保留意见,众环海华会计师事务所,"王郁,范桂铭"
000035.SZ,20130427,20121231,带强调事项段的无保留意见,众环海华会计师事务所,"王郁,范桂铭"
000035.SZ,20120320,20111231,无法表示意见,众环海华会计师事务所,"钟健兵,闽超"
000035.SZ,20110427,20101231,无法表示意见,武汉众环会计师事务所,"闽超,钟健兵"
000035.SZ,20100427,20091231,无法表示意见,武汉众环会计师事务所,"闽超,谢峰"
000037.SZ,20140425,20131231,带强调事项段的无保留意见,瑞华会计师事务所,"潘新华,田盈盈"
000037.SZ,20130423,20121231,带强调事项段的无保留意见,德勤华永会计师事务所,干长如
000037.SZ,20120424,20111231,带强调事项段的无保留意见,德勤华永会计师事务所,"蔡春鸣,肖静华"
000037.SZ,20110415,20101231,带强调事项段的无保留意见,德勤华永会计师事务所,"蔡春鸣,肖静华"
000037.SZ,20100413,20091231,带强调事项段的无保留意见,德勤华永会计师事务所,"蔡春鸣,冯玉斌"
000038.SZ,20190430,20181231,保留意见,中汇会计师事务所,"王甫荣,章归鸿"
000040.SZ,20110615,20101231,带强调事项段的无保留意见,深圳市鹏城会计师事务所,"邱复先,郑云"
000048.SZ,20190415,20181231,保留意见,中审亚太会计师事务所,"陈刚,邹励川"
000048.SZ,20180831,20171231,无法表示意见,信永中和会计师事务所,"罗东先,唐松柏"
000048.SZ,20150428,20141231,带强调事项段的无保留意见,瑞华会计师事务所,"管盛春,洪霞"
000048.SZ,20140429,20131231,保留意见,瑞华会计师事务所,"管盛春,丁海芳"
000048.SZ,20130426,20121231,保留意见,国富浩华会计师事务所,"管盛春,丁海芳"
000049.SZ,20110428,20101231,带强调事项段的无保留意见,立信大华会计师事务所,"刘耀辉,陈葆华"
000056.SZ,20130419,20121231,带强调事项段的无保留意见,立信会计师事务所,"胡春元,巫扬华"
000056.SZ,20120420,20111231,保留意见,中审国际会计师事务所,"谢军,丁伟萍"
000056.SZ,20110426,20101231,保留意见,利安达会计师事务所,
000056.SZ,20100428,20091231,带强调事项段的无保留意见,利安达会计师事务所,"杨敢林,罗时东"
000061.SZ,20100422,20091231,带强调事项段的无保留意见,深圳南方民和会计师事务所,"唐乐民,周武重"
000068.SZ,20130326,20121231,带强调事项段的无保留意见,大华会计师事务所,"杨熹,辛均亮"
000068.SZ,20120316,20111231,带强调事项段的无保留意见,立信大华会计师事务所,"李旭冬,张朝铖"
000068.SZ,20110322,20101231,带强调事项段的无保留意见,立信大华会计师事务所,"张朝铖,李旭冬"
000068.SZ,20100331,20091231,无法表示意见,立信大华会计师事务所,"李旭冬,杨熹"
000078.SZ,20100417,20091231,带强调事项段的无保留意见,中审亚太会计师事务所,"张新万,高正群"
000155.SZ,20160429,20151231,无法表示意见,四川华信(集团)会计师事务所,"唐方模,何寿福"
000155.SZ,20150430,20141231,带强调事项段的无保留意见,四川华信(集团)会计师事务所,"武兴田,何寿福"
000156.SZ,20120802,20120630,带强调事项段的无保留意见,天健会计师事务所,"李永利,赵娇"
000156.SZ,20120313,20111231,带强调事项段的无保留意见,天健会计师事务所,"李永利,赵骄"
000156.SZ,20110819,20110331,带强调事项段的无保留意见,天健会计师事务所,
000156.SZ,20110315,20101231,带强调事项段的无保留意见,天健会计师事务所,"李永利,申端华"
000156.SZ,20100209,20091231,带强调事项段的无保留意见,天健会计师事务所,"李永利,申端华"
000403.SZ,20190425,20181231,带强调事项段的无保留意见,大华会计师事务所,"张俊峰,沈秀云"
000403.SZ,20180426,20171231,带强调事项段的无保留意见,致同会计师事务所,"倪军,党小民"
000403.SZ,20170426,20161231,带强调事项段的无保留意见,致同会计师事务所,"王玉才,肖晓燕"
000403.SZ,20160427,20151231,带强调事项段的无保留意见,致同会计师事务所,"王增民,王玉才"
000403.SZ,20150430,20141231,带强调事项段的无保留意见,致同会计师事务所,"王玉才,王增民"
000403.SZ,20140430,20131231,带强调事项段的无保留意见,致同会计师事务所,"王玉才,王增民"
000403.SZ,20130427,20121231,带强调事项段的无保留意见,致同会计师事务所,"梁青民,王增民"
000403.SZ,20110430,20101231,无法表示意见,天健正信会计师事务所,"肖晓燕,穆海蓉"
000403.SZ,20100429,20091231,带强调事项段的无保留意见,天健正信会计师事务所,"梁青民,王中心"
000408.SZ,20190430,20181231,保留意见,瑞华会计师事务所,"张冲良,潘守卫"
000408.SZ,20160427,20151231,带强调事项段的无保留意见,大信会计师事务所,"谢青,邹宏文"
000408.SZ,20100427,20091231,带强调事项段的无保留意见,中磊会计师事务所,"王越,张君"
000409.SZ,20180622,20171231,保留意见,中审亚太会计师事务所,"解乐,李家忠"
000409.SZ,20110429,20101231,带强调事项段的无保留意见,立信大华会计师事务所,"刘高科,高德惠"
000409.SZ,20100427,20091231,带强调事项段的无保留意见,立信大华会计师事务所,"刘高科,刘耀辉"
000410.SZ,20190429,20181231,带强调事项段的无保留意见,大华会计师事务所,"周龙,李甜甜"
000422.SZ,20180421,20171231,带强调事项段的无保留意见,大信会计师事务所,"李朝鸿,汤萍"
000430.SZ,20110125,20101231,带强调事项段的无保留意见,天职国际会计师事务所,"张嘉,张琪"
000430.SZ,20100205,20091231,带强调事项段的无保留意见,天职国际会计师事务所,"刘宇科,王军"
000498.SZ,20120331,20111231,带强调事项段的无保留意见,利安达会计师事务所,"凌运良,张昌利"
000498.SZ,20110426,20101231,带强调事项段的无保留意见,利安达会计师事务所,"凌运良,楚三平"
000498.SZ,20100427,20091231,带强调事项段的无保留意见,立信大华会计师事务所,"李旭冬,马宁"
000504.SZ,20190430,20181231,带强调事项段的无保留意见,天健会计师事务所,"魏五军,蒋玲玲"
000504.SZ,20180428,20171231,带强调事项段的无保留意见,天健会计师事务所,"魏五军,姜丰丰"
000504.SZ,20170421,20161231,带强调事项段的无保留意见,天健会计师事务所,"魏五军,姜丰丰"
000504.SZ,20160425,20151231,带强调事项段的无保留意见,天健会计师事务所,"魏五军,姜丰丰"
000504.SZ,20150421,20141231,带强调事项段的无保留意见,天健会计师事务所,"魏五军,姜丰丰"
000504.SZ,20140430,20131231,带强调事项段的无保留意见,利安达会计师事务所,"汪应华,许长英"
000505.SZ,20160425,20151231,带强调事项段的无保留意见,中兴华会计师事务所,"刘炼,马国栋"
000506.SZ,20190427,20181231,保留意见,立信会计师事务所,"强桂英,李永江"
000506.SZ,20180427,20171231,保留意见,中汇会计师事务所,"沈大智,马敬举"
000506.SZ,20170429,20161231,保留意见,中汇会计师事务所,"路春霞,王玉霜"
000509.SZ,20190420,20181231,带强调事项段的无保留意见,大信会计师事务所,"王文春,龚荣华"
000509.SZ,20130426,20121231,保留意见,大信会计师事务所,"王文春,刘涛"
000509.SZ,20120424,20111231,带强调事项段的无保留意见,大信会计师事务所,"龚荣华,王文春"
000509.SZ,20110423,20101231,带强调事项段的无保留意见,大信会计师事务所,"龚荣华,王文春"
000509.SZ,20100322,20091231,带强调事项段的无保留意见,信永中和会计师事务所,"蒋洪庆,罗东先"
000514.SZ,20120225,20111231,带强调事项段的无保留意见,天健正信会计师事务所,"张凯,唐明"
000518.SZ,20190416,20181231,带强调事项段的无保留意见,中审众环会计师事务所,"秦晋臣,何燕姣"
000518.SZ,20170429,20161231,带强调事项段的无保留意见,立信会计师事务所,"诸旭敏,刘婷"
000518.SZ,20160429,20151231,带强调事项段的无保留意见,立信会计师事务所,"诸旭敏,葛晨煜"
000518.SZ,20120427,20111231,保留意见,立信会计师事务所,"诸旭敏,束哲民"
000520.SZ,20180425,20171231,带强调事项段的无保留意见,信永中和会计师事务所,"周海涛,肖华萍"
000520.SZ,20140430,20131231,带强调事项段的无保留意见,信永中和会计师事务所,"周海涛,提汝明"
000520.SZ,20130424,20121231,带强调事项段的无保留意见,信永中和会计师事务所,"周海涛,提汝明"
000520.SZ,20120425,20111231,带强调事项段的无保留意见,信永中和会计师事务所,"潘敏,叶胜平"
000526.SZ,20160429,20151231,带强调事项段的无保留意见,利安达会计师事务所,"白漫,石卫红"
000526.SZ,20150427,20141231,带强调事项段的无保留意见,利安达会计师事务所,"白漫,石卫红"
000526.SZ,20140430,20131231,带强调事项段的无保留意见,利安达会计师事务所,"周阿春,徐夏南"
000526.SZ,20130420,20121231,带强调事项段的无保留意见,利安达会计师事务所,"周阿春,徐夏南"
000526.SZ,20120425,20111231,带强调事项段的无保留意见,利安达会计师事务所,"周阿春,刘冬祥"
000526.SZ,20110426,20101231,带强调事项段的无保留意见,利安达会计师事务所,"周阿春,刘冬祥"
000526.SZ,20100426,20091231,带强调事项段的无保留意见,利安达会计师事务所,"周阿春,徐夏南"
000533.SZ,20190430,20181231,保留意见,大华会计师事务所,"洪梅生,樊莉"
000536.SZ,20190430,20181231,保留意见,福建华兴会计师事务所,"江叶瑜,叶如意"
000545.SZ,20130424,20121231,带强调事项段的无保留意见,立信会计师事务所,"王建民,黄韶英"
000545.SZ,20120426,20111231,带强调事项段的无保留意见,立信会计师事务所,"陈雄溢,王建民"
000545.SZ,20110427,20101231,带强调事项段的无保留意见,立信羊城会计师事务所,"陈雄溢,王建民"
000555.SZ,20131028,20130930,带强调事项段的无保留意见,中兴财光华会计师事务所,"杨海龙,李鑫"
000555.SZ,20130426,20121231,带强调事项段的无保留意见,中磊会计师事务所,"张晓萌,李晖"
000555.SZ,20120424,20111231,带强调事项段的无保留意见,中磊会计师事务所,"郭莉莉,李晖"
000555.SZ,20110426,20101231,带强调事项段的无保留意见,中磊会计师事务所,"江亮春,郭莉莉"
000555.SZ,20100427,20091231,带强调事项段的无保留意见,中磊会计师事务所,"江亮春,郭莉莉"
000557.SZ,20190429,20181231,保留意见,信永中和会计师事务所,"司建军,祁恪新"
000557.SZ,20150729,20150630,带强调事项段的无保留意见,希格玛会计师事务所,"蔡爱芳,罗宗礼"
000557.SZ,20150304,20141231,带强调事项段的无保留意见,希格玛会计师事务所,"罗宗礼,王斌"
000557.SZ,20140828,20140630,带强调事项段的无保留意见,希格玛会计师事务所,"罗宗礼,王斌"
000557.SZ,20140429,20131231,带强调事项段的无保留意见,希格玛会计师事务所,"罗宗礼,王斌"
000557.SZ,20130426,20121231,带强调事项段的无保留意见,希格玛会计师事务所,"王斌,罗宗礼"
000557.SZ,20120424,20111231,无法表示意见,希格玛会计师事务所,"罗宗礼,王斌"
000557.SZ,20110428,20101231,无法表示意见,希格玛会计师事务所,"邱程红,王斌"
000557.SZ,20100421,20091231,无法表示意见,中勤万信会计师事务所,"王永新,刘汉军"
000567.SZ,20140419,20131231,带强调事项段的无保留意见,立信会计师事务所,"刘志红,杨晋峰"
000567.SZ,20130420,20121231,带强调事项段的无保留意见,中准会计师事务所,"刘昆,赵德权"
000568.SZ,20150331,20141231,带强调事项段的无保留意见,四川华信(集团)会计师事务所,"唐方模,李武林"
000571.SZ,20190429,20181231,无法表示意见,立信会计师事务所,"李进华,朱建清,朱美荣"
000571.SZ,20180427,20171231,带强调事项段的无保留意见,立信会计师事务所,"刘泽波,朱建清"
000585.SZ,20190329,20181231,带强调事项段的无保留意见,瑞华会计师事务所,"刘仁芝,徐碧文"
000585.SZ,20180330,20171231,带强调事项段的无保留意见,瑞华会计师事务所,"刘仁芝,辛自华"
000587.SZ,20190430,20181231,保留意见,大信会计师事务所,"闫秀敏,曹斌"
000587.SZ,20110402,20101231,带强调事项段的无保留意见,利安达会计师事务所,"曹如鹏,隋国军"
000587.SZ,20100427,20091231,带强调事项段的无保留意见,利安达会计师事务所,"王日宇,隋国君"
000590.SZ,20120730,20120630,带强调事项段的无保留意见,天职国际会计师事务所,"刘宇科,陈志红"
000590.SZ,20120418,20111231,保留意见,天职国际会计师事务所,"康顺平,陈志红"
000590.SZ,20110415,20101231,保留意见,天职国际会计师事务所,"刘宇科,陈志红"
000590.SZ,20100430,20091231,保留意见,天职国际会计师事务所,"刘宇科,陈志红"
000595.SZ,20170328,20161231,带强调事项段的无保留意见,信永中和会计师事务所,"李耀忠,常瑛"
000595.SZ,20160312,20151231,带强调事项段的无保留意见,信永中和会计师事务所,"李耀忠,常瑛"
000595.SZ,20120320,20111231,带强调事项段的无保留意见,信永中和会计师事务所,"司建军,常瑛"
000595.SZ,20110419,20101231,带强调事项段的无保留意见,信永中和会计师事务所,"司建军,常瑛"
000603.SZ,20110428,20101231,带强调事项段的无保留意见,天健正信会计师事务所,"阮响华,邱鸿"
000603.SZ,20100206,20091231,带强调事项段的无保留意见,天健正信会计师事务所,"龙文虎,阮响华"
000605.SZ,20130206,20121231,带强调事项段的无保留意见,中兴华富华会计师事务所,"戚桂旺,杜金霞"
000605.SZ,20120309,20111231,带强调事项段的无保留意见,中兴华富华会计师事务所,"张学峰,侯淑娟"
000605.SZ,20110421,20101231,带强调事项段的无保留意见,中兴华富华会计师事务所,"张学峰,侯淑娟"
000605.SZ,20100408,20091231,带强调事项段的无保留意见,中兴华富华会计师事务所,"赵志强,侯淑娟"
000611.SZ,20190430,20181231,带强调事项段的无保留意见,大华会计师事务所,"于建永,杜武明"
000611.SZ,20180427,20171231,带强调事项段的无保留意见,大华会计师事务所,"于建永,陈伟"
000611.SZ,20160430,20151231,保留意见,大华会计师事务所,"于建永,杜武明"
000613.SZ,20120426,20111231,带强调事项段的无保留意见,立信会计师事务所,"朱建清,朱美荣"
000620.SZ,20110108,20101231,带强调事项段的无保留意见,京都天华会计师事务所,"黄志斌,傅智勇"
000620.SZ,20100120,20091231,带强调事项段的无保留意见,京都天华会计师事务所,"黄志斌,傅智勇"
000622.SZ,20120426,20111231,带强调事项段的无保留意见,天职国际会计师事务所,"钟炽兵,李海来"
000622.SZ,20110421,20101231,带强调事项段的无保留意见,中审国际会计师事务所,"张乾明,刘其中"
000622.SZ,20100428,20091231,带强调事项段的无保留意见,深圳南方民和会计师事务所,"周俊杰,周红宇"
000626.SZ,20190321,20181231,保留意见,天衡会计师事务所,"陈建忠,陈婷婷"
000626.SZ,20180428,20171231,保留意见,天衡会计师事务所,"游世秋,陈婷婷"
000629.SZ,20160429,20151231,带强调事项段的无保留意见,瑞华会计师事务所,"匡小尝,刘红平"
000629.SZ,20150429,20141231,带强调事项段的无保留意见,瑞华会计师事务所,"匡小尝,黄飞"
000629.SZ,20140418,20131231,带强调事项段的无保留意见,瑞华会计师事务所,"黄飞,赵金义"
000657.SZ,20130321,20121231,带强调事项段的无保留意见,天职国际会计师事务所,"刘宇科,李明,龚菊香"
000657.SZ,20120804,20120630,带强调事项段的无保留意见,天职国际会计师事务所,"刘宇科,李明"
000657.SZ,20120327,20111231,带强调事项段的无保留意见,天职国际会计师事务所,"李明,龚菊香"
000657.SZ,20110315,20101231,带强调事项段的无保留意见,天职国际会计师事务所,"李明,龚菊香"
000657.SZ,20100327,20091231,带强调事项段的无保留意见,天职国际会计师事务所,"李军,刘新会"
000659.SZ,20170429,20161231,带强调事项段的无保留意见,中喜会计师事务所,"李力,单鹏飞"
000662.SZ,20190430,20181231,带强调事项段的无保留意见,中准会计师事务所,"何燕秋,谭旭明"
000663.SZ,20190430,20181231,保留意见,致同会计师事务所,"陈连锋,陈裕成"
000668.SZ,20150430,20141231,带强调事项段的无保留意见,众环海华会计师事务所,"王郁,肖文涛"
000669.SZ,20190429,20181231,带强调事项段的无保留意见,立信中联会计师事务所,"高凯,周赫然"
000670.SZ,20190423,20181231,保留意见,亚太(集团)会计师事务所,"陈刚,孙伟捷"
000670.SZ,20180424,20171231,保留意见,亚太(集团)会计师事务所,"陈刚,周先宏"
000670.SZ,20170314,20161231,带强调事项段的无保留意见,亚太(集团)会计师事务所,"陈浩,陈刚"
000670.SZ,20160429,20151231,无法表示意见,致同会计师事务所,"王恒忠,宋娜"
000672.SZ,20120424,20111231,带强调事项段的无保留意见,中喜会计师事务所,"李力,陈翔"
000672.SZ,20110411,20101231,带强调事项段的无保留意见,中喜会计师事务所,"李力,陈翔"
000672.SZ,20100415,20091231,带强调事项段的无保留意见,中喜会计师事务所,"李力,陈翔"
000673.SZ,20150430,20141231,带强调事项段的无保留意见,致同会计师事务所,"王玉才,霍永升"
000673.SZ,20140410,20131231,带强调事项段的无保留意见,致同会计师事务所,"王玉才,霍永升"
000673.SZ,20130425,20121231,带强调事项段的无保留意见,致同会计师事务所,"霍永升,肖晓燕"
000673.SZ,20120420,20111231,带强调事项段的无保留意见,天健正信会计师事务所,"霍永升,梁青民"
000673.SZ,20110421,20101231,带强调事项段的无保留意见,天健正信会计师事务所,"王玉才,霍永升"
000673.SZ,20100422,20091231,无法表示意见,天健正信会计师事务所,"郭新民,穆海荣"
000677.SZ,20120420,20111231,保留意见,北京永拓会计师事务所,"李景伟,荆秀梅"
000681.SZ,20120228,20111231,带强调事项段的无保留意见,立信会计师事务所,"孙晓爽,孙淑平"
000681.SZ,20110318,20101231,带强调事项段的无保留意见,南京立信永华会计师事务所,"孙晓爽,孙淑平"
000681.SZ,20100424,20091231,带强调事项段的无保留意见,南京立信永华会计师事务所,"陈奕彤,杜迎花"
000688.SZ,20120717,20120630,带强调事项段的无保留意见,信永中和会计师事务所,"罗建平,黄志芬"
000688.SZ,20120426,20111231,带强调事项段的无保留意见,信永中和会计师事务所,"罗建平,黄志芬"
000688.SZ,20110426,20101231,带强调事项段的无保留意见,信永中和会计师事务所,"罗建平,赵红梅"
000688.SZ,20100305,20091231,带强调事项段的无保留意见,信永中和会计师事务所,"罗建平,晏海国"
000691.SZ,20190427,20181231,带强调事项段的无保留意见,利安达会计师事务所,"曹忠志,李玉静"
000691.SZ,20180411,20171231,带强调事项段的无保留意见,利安达会计师事务所,"曹忠志,齐力"
000691.SZ,20170429,20161231,保留意见,利安达会计师事务所,"王东海,李昕"
000691.SZ,20110422,20101231,带强调事项段的无保留意见,国富浩华会计师事务所,"刘志文,张亚兵"
000691.SZ,20100428,20091231,无法表示意见,国富浩华会计师事务所,"刘志文,张亚兵"
000697.SZ,20110825,20110630,带强调事项段的无保留意见,国富浩华会计师事务所,"万奇见,雷军锋"
000697.SZ,20110201,20101231,带强调事项段的无保留意见,国富浩华会计师事务所,"雷军锋,张炳辉"
000697.SZ,20100325,20091231,带强调事项段的无保留意见,国富浩华会计师事务所,"潘要文,雷军锋"
000717.SZ,20160420,20151231,带强调事项段的无保留意见,瑞华会计师事务所,"赵金义,郭勇"
000719.SZ,20110420,20101231,带强调事项段的无保留意见,亚太(集团)会计师事务所,"杨晓垒,马凤菊"
000719.SZ,20100730,20100630,带强调事项段的无保留意见,亚太(集团)会计师事务所,"党惠茹,秦喜胜"
000719.SZ,20100310,20091231,带强调事项段的无保留意见,亚太(集团)会计师事务所,"党惠茹,赵合功"
000722.SZ,20100428,20091231,带强调事项段的无保留意见,天健会计师事务所,"贺焕华,谢卫雄"
000735.SZ,20130427,20121231,保留意见,中审亚太会计师事务所,"雷小玲,卢剑"
000737.SZ,20180213,20171231,带强调事项段的无保留意见,立信会计师事务所,"郭健,刘均刚"
000751.SZ,20130425,20121231,带强调事项段的无保留意见,华普天健会计师事务所,"魏弘,冯颖"
000752.SZ,20190430,20181231,无法表示意见,大信会计师事务所,"龚荣华,王文春"
000755.SZ,20130426,20121231,带强调事项段的无保留意见,致同会计师事务所,"韩瑞红,彭素红"
000755.SZ,20120424,20111231,带强调事项段的无保留意见,京都天华会计师事务所,"韩瑞红,彭素红"
000757.SZ,20110427,20101231,带强调事项段的无保留意见,立信大华会计师事务所,"范荣,沈瑞鉴"
000757.SZ,20100410,20091231,带强调事项段的无保留意见,立信大华会计师事务所,"范荣,沈瑞鉴"
000760.SZ,20190430,20181231,保留意见,利安达会计师事务所,"丁剑,郑飞"
000760.SZ,20180426,20171231,保留意见,中兴财光华会计师事务所,"秦卫国,朱建华"
000782.SZ,20120427,20111231,带强调事项段的无保留意见,立信会计师事务所,"王乐栋,冯金刚"
000788.SZ,20170429,20161231,带强调事项段的无保留意见,天健会计师事务所,"张凯,陈应爵"
000788.SZ,20160429,20151231,带强调事项段的无保留意见,天健会计师事务所,"张凯,陈应爵"
000788.SZ,20150428,20141231,带强调事项段的无保留意见,天健会计师事务所,"张凯,黄巧梅"
000798.SZ,20170421,20161231,保留意见,中审众环会计师事务所,"冯建江,王兵"
000798.SZ,20160429,20151231,保留意见,中审亚太会计师事务所,"李敏,周燕"
000800.SZ,20170401,20161231,保留意见,瑞华会计师事务所,"张富根,徐伟东"
000806.SZ,20190427,20181231,保留意见,中审华会计师事务所,"张乾明,周志"
000815.SZ,20150415,20141231,带强调事项段的无保留意见,立信会计师事务所,"李长照,王志勇"
000815.SZ,20140426,20131231,带强调事项段的无保留意见,立信会计师事务所,"李长照,甄志杰"
000818.SZ,20100831,20100630,带强调事项段的无保留意见,天职国际会计师事务所,"王君,王世海"
000818.SZ,20100423,20091231,无法表示意见,中审国际会计师事务所,"邵勇敢,于君廷"
000820.SZ,20190430,20181231,无法表示意见,大信会计师事务所,"郭海兰,尹东"
000820.SZ,20190430,20181231,无法表示意见,大信会计师事务所,"郭海兰,尹冬"
000820.SZ,20180428,20171231,保留意见,大信会计师事务所,"于曙光,密惠红"
000820.SZ,20160428,20151231,带强调事项段的无保留意见,亚太(集团)会计师事务所,"唐文彬,孙政军"
000820.SZ,20120427,20111231,带强调事项段的无保留意见,上海上会会计师事务所,"张晓荣,王磊"
000820.SZ,20110422,20101231,保留意见,上海上会会计师事务所,"张晓荣,王磊"
000820.SZ,20100415,20091231,带强调事项段的无保留意见,中准会计师事务所,"张福建,温秀芳"
000831.SZ,20120305,20111231,带强调事项段的无保留意见,大华会计师事务所,"王忻,陈晓强"
000831.SZ,20110318,20101231,带强调事项段的无保留意见,天健正信会计师事务所,"王忻,李少强"
000831.SZ,20100420,20091231,带强调事项段的无保留意见,天健正信会计师事务所,"王忻,李少强"
000835.SZ,20190430,20181231,带强调事项段的无保留意见,瑞华会计师事务所,"邢士军,张广志"
000856.SZ,20110129,20101231,带强调事项段的无保留意见,中磊会计师事务所,"曹忠志,王艳玲"
000856.SZ,20100820,20100630,带强调事项段的无保留意见,中磊会计师事务所,"曹忠志,齐力"
000856.SZ,20100227,20091231,带强调事项段的无保留意见,中磊会计师事务所,"曹忠志,王艳玲"
000863.SZ,20110425,20101231,带强调事项段的无保留意见,武汉众环会计师事务所,"王郁,肖昊来"
000863.SZ,20100428,20091231,带强调事项段的无保留意见,武汉众环会计师事务所,"谢峰,肖昊来"
000868.SZ,20190416,20181231,带强调事项段的无保留意见,华普天健会计师事务所,"李生敏,汤小龙,张玉伟"
000886.SZ,20180425,20171231,带强调事项段的无保留意见,立信会计师事务所,"刘泽波,郭柳艳"
000892.SZ,20190430,20181231,保留意见,天健会计师事务所,"黄巧梅,李小燕"
000892.SZ,20180427,20171231,带强调事项段的无保留意见,天健会计师事务所,"黄巧梅,李小燕"
000892.SZ,20160722,20160630,带强调事项段的无保留意见,天健会计师事务所,"张凯,赵兴明"
000892.SZ,20160206,20151231,带强调事项段的无保留意见,天健会计师事务所,"张凯,赵兴明"
000892.SZ,20150422,20141231,无法表示意见,天健会计师事务所,"张凯,赵兴明"
000892.SZ,20140130,20131231,带强调事项段的无保留意见,天健会计师事务所,"张凯,赵兴明"
000892.SZ,20130315,20121231,带强调事项段的无保留意见,立信会计师事务所,"黄晔,忻波"
000892.SZ,20120120,20111231,带强调事项段的无保留意见,立信会计师事务所,"单峰,忻波"
000892.SZ,20110225,20101231,带强调事项段的无保留意见,立信会计师事务所,"单峰,汪虹"
000892.SZ,20100826,20100630,带强调事项段的无保留意见,立信会计师事务所,"钱志昂,单峰"
000892.SZ,20100317,20091231,带强调事项段的无保留意见,立信会计师事务所,"钱志昂,单峰"
000893.SZ,20180428,20171231,无法表示意见,中勤万信会计师事务所,"陈明生,吴震"
000893.SZ,20170331,20161231,带强调事项段的无保留意见,广东正中珠江会计师事务所,"杨文蔚,姚静"
000908.SZ,20140828,20140630,带强调事项段的无保留意见,天职国际会计师事务所,"刘智清,李晓阳,曾春卫"
000908.SZ,20140227,20131231,带强调事项段的无保留意见,天职国际会计师事务所,"刘智清,李晓阳,曾春卫"
000908.SZ,20130426,20121231,带强调事项段的无保留意见,天职国际会计师事务所,"刘智清,李晓阳,曾春卫"
000912.SZ,20190320,20181231,带强调事项段的无保留意见,四川华信(集团)会计师事务所,"何寿福,谢海林"
000912.SZ,20180423,20171231,保留意见,四川华信(集团)会计师事务所,"唐方模,何寿福"
000913.SZ,20160420,20151231,保留意见,天健会计师事务所,"王国海,毛莉"
000913.SZ,20150421,20141231,保留意见,天健会计师事务所,"王国海,毛莉,石斌全"
000913.SZ,20140415,20131231,保留意见,天健会计师事务所,"陈亚萍,毛莉"
000915.SZ,20100313,20091231,带强调事项段的无保留意见,中瑞岳华会计师事务所,"王夕贤,王富斌"
000921.SZ,20130329,20121231,保留意见,国富浩华会计师事务所,"胡佳青,马丽"
000921.SZ,20120330,20111231,保留意见,国富浩华会计师事务所,"胡佳青,马丽"
000921.SZ,20110331,20101231,保留意见,立信大华会计师事务所,"丘运良,康跃华"
000921.SZ,20100409,20091231,保留意见,立信大华会计师事务所,"高德惠,康跃华"
000922.SZ,20120412,20111231,带强调事项段的无保留意见,中瑞岳华会计师事务所,"张力,黄清双"
000922.SZ,20110310,20101231,带强调事项段的无保留意见,中瑞岳华会计师事务所,"张力,黄清双"
000922.SZ,20100415,20091231,带强调事项段的无保留意见,中瑞岳华会计师事务所,"张力,黄清双"
000927.SZ,20190330,20181231,带强调事项段的无保留意见,致同会计师事务所,"奚大伟,孙鸥"
000927.SZ,20180331,20171231,带强调事项段的无保留意见,致同会计师事务所,"奚大伟,孙鸥"
000927.SZ,20170401,20161231,带强调事项段的无保留意见,瑞华会计师事务所,"张富根,薛东升"
000927.SZ,20160401,20151231,带强调事项段的无保留意见,瑞华会计师事务所,"张富根,薛东升"
000927.SZ,20150401,20141231,带强调事项段的无保留意见,致同会计师事务所,"关黎明,孙鸥"
000930.SZ,20170425,20161231,带强调事项段的无保留意见,天职国际会计师事务所,"张居忠,文冬梅,江峰"
000930.SZ,20160428,20151231,带强调事项段的无保留意见,天职国际会计师事务所,"周学民,文冬梅,江峰"
000950.SZ,20140311,20131231,保留意见,天健会计师事务所,"张凯,于波成"
000953.SZ,20190312,20181231,带强调事项段的无保留意见,中兴财光华会计师事务所,"李秀华,张宝岩"
000953.SZ,20180228,20171231,带强调事项段的无保留意见,中兴财光华会计师事务所,"李秀华,周春利"
000953.SZ,20170301,20161231,带强调事项段的无保留意见,立信会计师事务所,"林盛,祁春燕"
000958.SZ,20140321,20131231,带强调事项段的无保留意见,瑞华会计师事务所,"耿凤滢,梁双才"
000958.SZ,20130426,20121231,带强调事项段的无保留意见,中瑞岳华会计师事务所,"朱海武,师玉春"
000958.SZ,20120426,20111231,带强调事项段的无保留意见,中瑞岳华会计师事务所,"师玉春,丁勇"
000958.SZ,20110429,20101231,带强调事项段的无保留意见,中瑞岳华会计师事务所,师玉春
000958.SZ,20100427,20091231,带强调事项段的无保留意见,中瑞岳华会计师事务所,"杨力强,师玉春"
000960.SZ,20110420,20101231,带强调事项段的无保留意见,信永中和会计师事务所,"魏勇,范晓程"
000962.SZ,20180417,20171231,带强调事项段的无保留意见,大华会计师事务所,"朱珉东,刘国辉"
000962.SZ,20170307,20161231,带强调事项段的无保留意见,中天运会计师事务所,"吕志,信翠双"
000971.SZ,20190427,20181231,无法表示意见,中审众环会计师事务所,"范桂铭,方正"
000972.SZ,20190430,20181231,带强调事项段的无保留意见,中兴财光华会计师事务所,"王新文,陈海龙"
000972.SZ,20170415,20161231,带强调事项段的无保留意见,中兴财光华会计师事务所,"王新文,陈海龙"
000972.SZ,20140429,20131231,带强调事项段的无保留意见,利安达会计师事务所,"孟昭峰,刘秀文"
000972.SZ,20130425,20121231,带强调事项段的无保留意见,利安达会计师事务所,"孟昭峰,王吉庆"
000972.SZ,20120427,20111231,保留意见,信永中和会计师事务所,"潘敏,朱诗义"
000981.SZ,20190430,20181231,保留意见,天健会计师事务所,"施其林,王润"
000982.SZ,20190430,20181231,保留意见,立信会计师事务所,"张福建,赵莉"
000982.SZ,20170429,20161231,带强调事项段的无保留意见,立信会计师事务所,"于新波,张福建"
000982.SZ,20160428,20151231,带强调事项段的无保留意见,信永中和会计师事务所,"李耀忠,赵小刚"
000982.SZ,20150425,20141231,保留意见,信永中和会计师事务所,"李耀忠,常瑛"
000982.SZ,20140430,20131231,保留意见,信永中和会计师事务所,"司建军,常瑛"
002002.SZ,20130125,20121231,带强调事项段的无保留意见,大信会计师事务所,"万方全,狄香雨"
002002.SZ,20120319,20111231,带强调事项段的无保留意见,大信会计师事务所,"万方全,狄香雨"
002002.SZ,20110322,20101231,带强调事项段的无保留意见,大信会计师事务所,"狄香雨,万方全"
002002.SZ,20100320,20091231,带强调事项段的无保留意见,大信会计师事务所,"狄香雨,万方全"
002005.SZ,20190429,20181231,保留意见,立信会计师事务所,"黄志伟,张海兵"
002012.SZ,20140325,20131231,带强调事项段的无保留意见,天健会计师事务所,"陈亚萍,廖屹峰"
002015.SZ,20190419,20181231,带强调事项段的无保留意见,立信会计师事务所,"潘永祥,吉正山"
002015.SZ,20180420,20171231,带强调事项段的无保留意见,立信会计师事务所,"潘永祥,吉正山"
002015.SZ,20150430,20141231,带强调事项段的无保留意见,立信会计师事务所,"赵焕琪,王翔"
002015.SZ,20140429,20131231,无法表示意见,立信会计师事务所,"赵焕琪,王翔"
002018.SZ,20190430,20181231,保留意见,上会会计师事务所,"曹晓雯,陈烨"
002018.SZ,20180427,20171231,无法表示意见,上会会计师事务所,"曹晓雯,张健"
002021.SZ,20190427,20181231,保留意见,立信会计师事务所,"常明,孙彦民"
002021.SZ,20180426,20171231,带强调事项段的无保留意见,立信会计师事务所,"常明,孙彦民"
002069.SZ,20190427,20181231,保留意见,大华会计师事务所,"董超,李斌"
002069.SZ,20180428,20171231,保留意见,大华会计师事务所,"董超,李斌"
002071.SZ,20190429,20181231,带强调事项段的无保留意见,瑞华会计师事务所,"邢士军,张广志"
002072.SZ,20190430,20181231,无法表示意见,中喜会计师事务所,"李力,陈翔"
002072.SZ,20180428,20171231,保留意见,中喜会计师事务所,"马燕,单鹏飞"
002072.SZ,20170429,20161231,保留意见,中喜会计师事务所,"马燕,单鹏飞"
002072.SZ,20160426,20151231,保留意见,中喜会计师事务所,"李力,单鹏飞"
002072.SZ,20130426,20121231,带强调事项段的无保留意见,中喜会计师事务所,"李力,陈翔"
002072.SZ,20120427,20111231,带强调事项段的无保留意见,中喜会计师事务所,"李力,陈翔"
002072.SZ,20110426,20101231,带强调事项段的无保留意见,山东正源和信会计师事务所,"单英明,孔令芹"
002075.SZ,20100827,20100630,带强调事项段的无保留意见,江苏天衡会计师事务所,"虞丽新,孙伟"
002075.SZ,20100428,20091231,带强调事项段的无保留意见,江苏天衡会计师事务所,"虞丽新,孙伟"
002076.SZ,20190427,20181231,带强调事项段的无保留意见,大华会计师事务所,"李轶芳,陈瑜星"
002089.SZ,20190430,20181231,保留意见,大信会计师事务所,"黄福生,吴付涛"
002098.SZ,20190430,20181231,带强调事项段的无保留意见,福建华兴会计师事务所,"林希敏,林文锋"
002102.SZ,20190430,20181231,保留意见,中兴财光华会计师事务所,"许洪磊,周墨"
002113.SZ,20190426,20181231,保留意见,中审华会计师事务所,"吴淳,蒋元"
002113.SZ,20180417,20171231,带强调事项段的无保留意见,中审华会计师事务所,"姚运海,蒋元"
002114.SZ,20120322,20111231,带强调事项段的无保留意见,信永中和会计师事务所,"魏勇,胡相宁"
002118.SZ,20140225,20131231,保留意见,中准会计师事务所,"韩波,支力"
002118.SZ,20130426,20121231,保留意见,中准会计师事务所,"韩波,支力"
002118.SZ,20120426,20111231,保留意见,中准会计师事务所,"韩波,支力"
002121.SZ,20190423,20181231,带强调事项段的无保留意见,大华会计师事务所,"张兴,刘国平"
002122.SZ,20190430,20181231,带强调事项段的无保留意见,中兴财光华会计师事务所,"张学福,李晓斐"
002122.SZ,20180428,20171231,无法表示意见,普华永道中天会计师事务所,"李燕玉,朱哲民"
002122.SZ,20180428,20171231,带强调事项段的无保留意见,中兴财光华会计师事务所,"张学福,李晓斐"
002124.SZ,20190424,20181231,带强调事项段的无保留意见,天职国际会计师事务所,"周学民,周春阳"
002124.SZ,20140318,20131231,带强调事项段的无保留意见,天职国际会计师事务所,"张居忠,文冬梅"
002131.SZ,20170401,20161231,带强调事项段的无保留意见,天健会计师事务所,"沃巍勇,罗联玬"
002143.SZ,20190429,20181231,无法表示意见,中喜会计师事务所,"魏汝翔,黄宾"
002145.SZ,20120829,20120630,带强调事项段的无保留意见,信永中和会计师事务所,"徐秉惠,李亚望"
002145.SZ,20120425,20111231,保留意见,信永中和会计师事务所,"徐秉惠,牟宇宏"
002145.SZ,20110423,20101231,保留意见,信永中和会计师事务所,"徐秉惠,牟宇红"
002145.SZ,20100416,20091231,无法表示意见,信永中和会计师事务所,"徐秉惠,牟宇红"
002147.SZ,20190427,20181231,保留意见,中勤万信会计师事务所,"李晓敏,汪正华"
002147.SZ,20160422,20151231,带强调事项段的无保留意见,利安达会计师事务所,"顾宇倩,叶帮芬"
002147.SZ,20150418,20141231,保留意见,瑞华会计师事务所,"李海林,何晶晶"
002164.SZ,20190427,20181231,带强调事项段的无保留意见,立信会计师事务所,"郭宪明,唐吉鸿"
002164.SZ,20190427,20181231,保留意见,立信会计师事务所,"郭宪明,唐吉鸿"
002167.SZ,20150429,20141231,带强调事项段的无保留意见,广东正中珠江会计师事务所,"王旭彬,张腾"
002175.SZ,20190426,20181231,无法表示意见,中审华会计师事务所,沈芳杨少石
002175.SZ,20190426,20181231,无法表示意见,中审华会计师事务所,"沈芳,杨少石"
002181.SZ,20190305,20181231,带强调事项段的无保留意见,立信会计师事务所,"张宁,刘国棣"
002181.SZ,20180420,20171231,带强调事项段的无保留意见,立信会计师事务所,"张宁,朱劲"
002181.SZ,20170419,20161231,带强调事项段的无保留意见,立信会计师事务所,"张宁,张曦"
002188.SZ,20190131,20181231,保留意见,中汇会计师事务所,"杨端平,徐剑峰"
002188.SZ,20180427,20171231,无法表示意见,中汇会计师事务所,"任成,徐剑锋"
002188.SZ,20170427,20161231,保留意见,中汇会计师事务所,"任成,徐剑峰"
002200.SZ,20180426,20171231,保留意见,信永中和会计师事务所,"张为,杨伟明"
002200.SZ,20180426,20171231,保留意见,信永中和会计师事务所,"张为,杨伟明"
002200.SZ,20170427,20161231,带强调事项段的无保留意见,信永中和会计师事务所,"张为,李云虹"
002200.SZ,20130424,20121231,带强调事项段的无保留意见,山东正源和信会计师事务所,"刘元锁,吴岳"
002200.SZ,20120426,20111231,保留意见,山东正源和信会计师事务所,"刘元锁,吴岳"
002200.SZ,20110430,20101231,无法表示意见,中准会计师事务所,"李飞鹰,杨迪航"
002200.SZ,20100430,20091231,保留意见,中审亚太会计师事务所,"方自维,刘蓉晖"
002207.SZ,20180426,20171231,保留意见,立信会计师事务所,"韩频,王法亮"
002207.SZ,20170427,20161231,保留意见,立信会计师事务所,"韩频,王法亮"
002210.SZ,20190430,20181231,无法表示意见,立信会计师事务所,"钟宇,宋保军"
002219.SZ,20190430,20181231,带强调事项段的无保留意见,瑞华会计师事务所,"刘志文,宫岩"
002220.SZ,20190427,20181231,保留意见,致同会计师事务所,"关涛,张彦军"
002235.SZ,20110427,20101231,带强调事项段的无保留意见,深圳市鹏城会计师事务所,"李萍,彭中"
002235.SZ,20100430,20091231,带强调事项段的无保留意见,中审国际会计师事务所,"涂蓬芳,陈祖珍"
002237.SZ,20160428,20151231,带强调事项段的无保留意见,山东和信会计师事务所,"刘学伟,王丽敏"
002247.SZ,20190430,20181231,保留意见,天健会计师事务所,"宋慧娟,季佳佳"
002248.SZ,20190329,20181231,带强调事项段的无保留意见,信永中和会计师事务所,"毕强,姚丰全"
002248.SZ,20180330,20171231,带强调事项段的无保留意见,信永中和会计师事务所,"毕强,姚丰全"
002248.SZ,20170426,20161231,带强调事项段的无保留意见,信永中和会计师事务所,"毕强,姚丰全"
002256.SZ,20110420,20101231,带强调事项段的无保留意见,深圳市鹏城会计师事务所,"侯立勋,支梓"
002259.SZ,20190430,20181231,无法表示意见,四川华信(集团)会计师事务所,"张兰,周平"
002259.SZ,20180427,20171231,带强调事项段的无保留意见,四川华信(集团)会计师事务所,"周平,张兰"
002263.SZ,20190628,20181231,带强调事项段的无保留意见,中汇会计师事务所,"包平荣,吴星光"
002264.SZ,20160420,20151231,带强调事项段的无保留意见,天健会计师事务所,"陈祖珍,骆建新"
002268.SZ,20190426,20181231,带强调事项段的无保留意见,大华会计师事务所,"钟平修,曹云华"
002278.SZ,20150424,20141231,带强调事项段的无保留意见,立信会计师事务所,"康吉言,骆毅"
002278.SZ,20140426,20131231,带强调事项段的无保留意见,立信会计师事务所,"骆毅,戴定毅"
002279.SZ,20190430,20181231,保留意见,立信会计师事务所,"梁谦海,胡碟"
002288.SZ,20180426,20171231,保留意见,利安达会计师事务所,"周阿春,白漫"
002290.SZ,20190430,20181231,无法表示意见,华普天健会计师事务所,"卢珍,汤小龙,曹星星"
002290.SZ,20170426,20161231,保留意见,华普天健会计师事务所,"卢珍,孔晶晶,汤小龙"
002306.SZ,20190301,20181231,带强调事项段的无保留意见,立信会计师事务所,"徐士宝,冯雪"
002306.SZ,20180424,20171231,带强调事项段的无保留意见,立信会计师事务所,"廖家河,徐士宝"
002306.SZ,20170426,20161231,带强调事项段的无保留意见,立信会计师事务所,"廖家河,徐士宝"
002306.SZ,20160430,20151231,带强调事项段的无保留意见,立信会计师事务所,"廖家河,徐士宝"
002306.SZ,20150429,20141231,无法表示意见,立信会计师事务所,"廖家河,段奇"
002310.SZ,20190422,20181231,带强调事项段的无保留意见,立信会计师事务所,"廖家河,冯雪"
002316.SZ,20140430,20131231,保留意见,瑞华会计师事务所,"李萍,魏国光"
002323.SZ,20190427,20181231,带强调事项段的无保留意见,中兴财光华会计师事务所,"赵海宾,彭国栋"
002336.SZ,20160419,20151231,带强调事项段的无保留意见,立信会计师事务所,"宣宜辰,杨艳"
002336.SZ,20150428,20141231,带强调事项段的无保留意见,立信会计师事务所,"宣宜辰,杨艳"
002341.SZ,20190423,20181231,带强调事项段的无保留意见,亚太(集团)会计师事务所,"王瑜军,李德洲"
002354.SZ,20190430,20181231,保留意见,中审众环会计师事务所,"闫丙旗,杜高强"
002356.SZ,20190430,20181231,无法表示意见,广东正中珠江会计师事务所,"何国铨,刘伟"
002359.SZ,20190430,20181231,无法表示意见,致同会计师事务所,"陈广清,付平"
002362.SZ,20130316,20121231,带强调事项段的无保留意见,致同会计师事务所,"冯万奇,张镝"
002362.SZ,20120324,20111231,带强调事项段的无保留意见,京都天华会计师事务所,"冯万奇,白希楼"
002384.SZ,20160421,20151231,带强调事项段的无保留意见,天健会计师事务所,"乔如林,张扬"
002388.SZ,20150728,20150630,带强调事项段的无保留意见,立信会计师事务所,"崔岩,付忠伟"
002388.SZ,20150414,20141231,带强调事项段的无保留意见,立信会计师事务所,"崔岩,付忠伟"
002422.SZ,20140426,20131231,保留意见,毕马威华振会计师事务所,"虞晓钧,万姝"
002426.SZ,20190426,20181231,保留意见,天衡会计师事务所,"谈建忠,谢文彬"
002427.SZ,20190410,20181231,保留意见,利安达会计师事务所,"王小宝,刘素云"
002427.SZ,20180428,20171231,无法表示意见,众华会计师事务所,"周敏,吴秀玲"
002445.SZ,20190430,20181231,保留意见,江苏公证天业会计师事务所,"沈岩,华可天"
002447.SZ,20190429,20181231,保留意见,致同会计师事务所,"姜韬,张彦军"
002447.SZ,20180428,20171231,保留意见,致同会计师事务所,"姜韬,王雨"
002450.SZ,20190430,20181231,无法表示意见,瑞华会计师事务所,"江晓,王支建"
002459.SZ,20130425,20121231,保留意见,上海上会会计师事务所,"张素霞,袁涛"
002464.SZ,20190430,20181231,带强调事项段的无保留意见,中兴华会计师事务所,"刘炼,李云飞"
002470.SZ,20190430,20181231,保留意见,大信会计师事务所,"杨春强,甘思同"
002471.SZ,20190329,20181231,带强调事项段的无保留意见,天职国际会计师事务所,"王传邦,陈柏林"
002473.SZ,20180425,20171231,保留意见,亚太(集团)会计师事务所,"李孝念,刘军杰"
002473.SZ,20170428,20161231,无法表示意见,众华会计师事务所,"朱依君,沈景宵"
002477.SZ,20190425,20181231,无法表示意见,亚太(集团)会计师事务所,"吕子玲,贾小鹤"
002490.SZ,20170406,20161231,带强调事项段的无保留意见,信永中和会计师事务所,"王贡勇,张秀芹"
002496.SZ,20190427,20181231,保留意见,天健会计师事务所,"朱国刚,张春洋"
002496.SZ,20180428,20171231,带强调事项段的无保留意见,天健会计师事务所,"闾力华,张春洋"
002499.SZ,20190425,20181231,无法表示意见,天健会计师事务所,"张凯,陈丘刚"
002501.SZ,20190430,20181231,无法表示意见,中准会计师事务所,"徐运生,赵德权"
002505.SZ,20160426,20151231,带强调事项段的无保留意见,天健会计师事务所,"李永利,刘利亚"
002506.SZ,20140429,20131231,无法表示意见,大信会计师事务所,"陈立新,朱劲松"
002506.SZ,20130427,20121231,保留意见,大信会计师事务所,"陈立新,朱劲松"
002506.SZ,20120426,20111231,保留意见,天健会计师事务所,"葛徐,杜昕"
002509.SZ,20190430,20181231,带强调事项段的无保留意见,大信会计师事务所,"陈立新,周园"
002512.SZ,20190430,20181231,带强调事项段的无保留意见,瑞华会计师事务所,"印碧辉,荣矾"
002513.SZ,20190416,20181231,保留意见,江苏公证天业会计师事务所,"丁春荣,吕卫星"
002513.SZ,20180428,20171231,保留意见,江苏公证天业会计师事务所,"丁春荣,吕卫星"
002514.SZ,20180426,20171231,带强调事项段的无保留意见,江苏苏亚金诚会计师事务所,"杨伯民,李佰鑫"
002514.SZ,20170429,20161231,保留意见,立信会计师事务所,"朱蓬,王智恺"
002535.SZ,20190430,20181231,保留意见,北京兴华会计师事务所,"张砚东,郭学军"
002549.SZ,20150429,20141231,保留意见,致同会计师事务所,"金鑫,王怀发"
002549.SZ,20140425,20131231,保留意见,致同会计师事务所,"龙传喜,金鑫"
002558.SZ,20160429,20151231,保留意见,瑞华会计师事务所,"王长勇,罗西彬玉"
002562.SZ,20140426,20131231,带强调事项段的无保留意见,天健会计师事务所,"沈培强,吴慧"
002562.SZ,20130423,20121231,带强调事项段的无保留意见,天健会计师事务所,"沈培强,戚铁桥"
002569.SZ,20190429,20181231,带强调事项段的无保留意见,立信会计师事务所,"蔡畅,王昌功,陶凌雪"
002581.SZ,20190425,20181231,保留意见,中喜会计师事务所,"李松清,吴丽丽"
002581.SZ,20180428,20171231,保留意见,中喜会计师事务所,"刘洛,李松清"
002584.SZ,20190429,20181231,保留意见,天健会计师事务所,"禤文欣,陈建成"
002586.SZ,20190430,20181231,保留意见,天健会计师事务所,"程志刚,高勇"
002608.SZ,20160429,20151231,带强调事项段的无保留意见,天衡会计师事务所,"骆竞,何玉勤"
002613.SZ,20190426,20181231,保留意见,信永中和会计师事务所,"孙政军,赵利红"
002628.SZ,20170427,20161231,带强调事项段的无保留意见,天健会计师事务所,"阮响华,陈洪涛"
002629.SZ,20190429,20181231,保留意见,亚太(集团)会计师事务所,"周含军,戴勤永"
002629.SZ,20180427,20171231,带强调事项段的无保留意见,亚太(集团)会计师事务所,"周铁华,欧阳卓"
002629.SZ,20170331,20161231,带强调事项段的无保留意见,众华会计师事务所,"梁烽,文爱凤"
002635.SZ,20120328,20111231,带强调事项段的无保留意见,江苏公证天业会计师事务所,"刘勇,丁春荣"
002637.SZ,20190430,20181231,带强调事项段的无保留意见,天健会计师事务所,"朱大为,崔文正"
002638.SZ,20190430,20181231,保留意见,瑞华会计师事务所,"江晓,邱志强"
002638.SZ,20140424,20131231,带强调事项段的无保留意见,瑞华会计师事务所,"孙忠英,刘涛"
002638.SZ,20130426,20121231,带强调事项段的无保留意见,国富浩华会计师事务所,"孙忠英,刘涛"
002647.SZ,20180428,20171231,保留意见,中汇会计师事务所,"吴成航,包平荣"
002647.SZ,20170428,20161231,保留意见,中汇会计师事务所,"吴成航,包平荣"
002647.SZ,20150428,20141231,保留意见,中汇会计师事务所,"吴成航,包平荣"
002647.SZ,20140430,20131231,带强调事项段的无保留意见,天健会计师事务所,"黄元喜,许明强"
002647.SZ,20130427,20121231,带强调事项段的无保留意见,天健会计师事务所,"陈曙,黄元喜"
002650.SZ,20180428,20171231,保留意见,天健会计师事务所,"魏五军,石磊"
002654.SZ,20180428,20171231,带强调事项段的无保留意见,立信会计师事务所,"宣宜辰,付忠伟"
002670.SZ,20190430,20181231,带强调事项段的无保留意见,立信会计师事务所,"杨志平,潘留焱"
002684.SZ,20190430,20181231,保留意见,广东正中珠江会计师事务所,"吉争雄,郭俊彬"
002692.SZ,20190430,20181231,保留意见,江苏公证天业会计师事务所,"柏凌菁,薛敏"
002694.SZ,20160416,20151231,带强调事项段的无保留意见,中勤万信会计师事务所,"王永新,陈海艳"
002694.SZ,20150429,20141231,带强调事项段的无保留意见,中勤万信会计师事务所,"王永新,陈海艳"
002696.SZ,20190430,20181231,保留意见,大信会计师事务所,"邹宏文,黎程"
002699.SZ,20190430,20181231,保留意见,天健会计师事务所,"赵海荣,陈艳"
002700.SZ,20180330,20171231,带强调事项段的无保留意见,中勤万信会计师事务所,"李志光,陈丽敏"
002711.SZ,20190430,20181231,无法表示意见,瑞华会计师事务所,"聂勇,郭春林"
002715.SZ,20170428,20161231,带强调事项段的无保留意见,中喜会计师事务所,"苏志军,王会栓"
002715.SZ,20160430,20151231,保留意见,信永中和会计师事务所,"王建新,张永德"
002716.SZ,20190430,20181231,保留意见,天健会计师事务所,"刘钢跃,周毅"
002719.SZ,20190425,20181231,带强调事项段的无保留意见,希格玛会计师事务所,"王侠,吴丽"
002742.SZ,20190423,20181231,带强调事项段的无保留意见,天健会计师事务所,"弋守川,唐明"
002766.SZ,20190430,20181231,无法表示意见,亚太(集团)会计师事务所,"刘振国,孙志军"
002800.SZ,20170413,20161231,带强调事项段的无保留意见,大华会计师事务所,"刘耀辉,薛祈明"
002809.SZ,20190430,20181231,带强调事项段的无保留意见,广东正中珠江会计师事务所,"洪文伟,冯军"
002848.SZ,20190423,20181231,带强调事项段的无保留意见,天健会计师事务所,"李剑,姜丰丰"
002872.SZ,20190426,20181231,无法表示意见,北京兴华会计师事务所,"邹志文,胡毅"
002941.SZ,20140429,20131231,,新疆驰远天合会计师事务所,
002958.SZ,20150910,20131231,带强调事项段的无保留意见,立信会计师事务所,
002958.SZ,20150910,20121231,带强调事项段的无保留意见,立信会计师事务所,
002958.SZ,20150910,20111231,带强调事项段的无保留意见,立信会计师事务所,
300004.SZ,20190426,20181231,保留意见,广东正中珠江会计师事务所,"何国铨,周济平"
300020.SZ,20180419,20171231,带强调事项段的无保留意见,瑞华会计师事务所,"谭争,许旭光"
300020.SZ,20170422,20161231,带强调事项段的无保留意见,瑞华会计师事务所,"谭争,许旭光"
300029.SZ,20190418,20181231,保留意见,中兴财光华会计师事务所,"王焕军,漏玉燕"
300029.SZ,20180418,20171231,带强调事项段的无保留意见,中兴财光华会计师事务所,"林猛,濮舒清"
300029.SZ,20170425,20161231,带强调事项段的无保留意见,天衡会计师事务所,"葛惠平,宋朝晖"
300029.SZ,20160428,20151231,带强调事项段的无保留意见,天衡会计师事务所,"葛惠平,宋朝晖"
300029.SZ,20150425,20141231,带强调事项段的无保留意见,天衡会计师事务所,"郭澳,葛启海"
300033.SZ,20160205,20151231,带强调事项段的无保留意见,天健会计师事务所,"廖屹峰,徐银"
300033.SZ,20150321,20141231,带强调事项段的无保留意见,天健会计师事务所,"缪志坚,金国华"
300033.SZ,20140412,20131231,带强调事项段的无保留意见,天健会计师事务所,"缪志坚,陈炎鑫"
300033.SZ,20130422,20121231,带强调事项段的无保留意见,天健会计师事务所,"缪志坚,陈炎鑫"
300052.SZ,20150422,20141231,带强调事项段的无保留意见,大华会计师事务所,"陈葆华,周灵芝"
300056.SZ,20180403,20171231,带强调事项段的无保留意见,希格玛会计师事务所,"陈长源,陈颖洁"
300061.SZ,20190426,20181231,带强调事项段的无保留意见,大信会计师事务所,"呙华文,袁华峰"
300063.SZ,20180426,20171231,无法表示意见,天职国际会计师事务所,"黄琼,綦东钰"
300086.SZ,20120411,20111231,带强调事项段的无保留意见,中审亚太会计师事务所,"李志林,吴丽瑜"
300086.SZ,20110308,20101231,带强调事项段的无保留意见,中审国际会计师事务所,"宣宜辰,杨艳"
300089.SZ,20190501,20181231,无法表示意见,大华会计师事务所,"张晓辉,熊玲"
300090.SZ,20190430,20181231,保留意见,中审华会计师事务所,"陈志,李启有"
300090.SZ,20180428,20171231,保留意见,中审华会计师事务所,"陈志,金益平"
300093.SZ,20190501,20181231,无法表示意见,北京永拓会计师事务所,"吕润波,徐玉超"
300116.SZ,20190430,20181231,无法表示意见,利安达会计师事务所,"曹忠志,董梁军"
300116.SZ,20180427,20171231,保留意见,利安达会计师事务所,"曹忠志,董梁军"
300135.SZ,20160430,20151231,带强调事项段的无保留意见,立信会计师事务所,"赵焕琪,夏利忠"
300142.SZ,20160430,20151231,保留意见,信永中和会计师事务所,"张为,杨文华"
300152.SZ,20190426,20181231,带强调事项段的无保留意见,亚太(集团)会计师事务所,"周含军,戴勤永"
300152.SZ,20180425,20171231,带强调事项段的无保留意见,亚太(集团)会计师事务所,"吴平权,周铁华"
300152.SZ,20150829,20150630,保留意见,众环海华会计师事务所,"汤家俊,汤甜甜"
300156.SZ,20190430,20181231,无法表示意见,大信会计师事务所,"密惠红,于曙光"
300156.SZ,20180428,20171231,保留意见,大信会计师事务所,"密惠红,于曙光"
300156.SZ,20140429,20131231,带强调事项段的无保留意见,瑞华会计师事务所,"许岩峰,姚增申"
300167.SZ,20140429,20131231,保留意见,大华会计师事务所,"邱俊洲,曾小生"
300169.SZ,20150423,20141231,带强调事项段的无保留意见,天健会计师事务所,"张建华,李勤"
300176.SZ,20180829,20180630,带强调事项段的无保留意见,中天运会计师事务所,"江海峰,赵志刚"
300176.SZ,20180427,20171231,保留意见,立信会计师事务所,"潘冬梅,司徒慧强"
300189.SZ,20190426,20181231,带强调事项段的无保留意见,立信会计师事务所,"李进华,王莉莉"
300189.SZ,20180424,20171231,带强调事项段的无保留意见,立信会计师事务所,"刘泽波,王莉莉"
300208.SZ,20180425,20171231,带强调事项段的无保留意见,山东和信会计师事务所,"左伟,杨国"
300208.SZ,20170426,20161231,带强调事项段的无保留意见,山东和信会计师事务所,"左伟,郭金明"
300208.SZ,20160326,20151231,带强调事项段的无保留意见,山东和信会计师事务所,"左伟,李长欢"
300268.SZ,20170415,20161231,保留意见,利安达会计师事务所,"许长英,刘曦"
300268.SZ,20160423,20151231,保留意见,利安达会计师事务所,"许长英,肖桂香"
300268.SZ,20150424,20141231,带强调事项段的无保留意见,利安达会计师事务所,"许长英,王胜兰"
300268.SZ,20130427,20121231,保留意见,中磊会计师事务所,"邹宏文,黄国华"
300269.SZ,20190427,20181231,带强调事项段的无保留意见,瑞华会计师事务所,"金彬,任玮星"
300269.SZ,20180428,20171231,保留意见,瑞华会计师事务所,"彭中,任玮星"
300270.SZ,20160427,20151231,带强调事项段的无保留意见,天健会计师事务所,"沈培强,杨叶平"
300277.SZ,20140430,20131231,带强调事项段的无保留意见,亚太(集团)会计师事务所,"王季民,汪红宁"
300277.SZ,20130427,20121231,保留意见,天健会计师事务所,"金顺兴,李志光"
300310.SZ,20190425,20181231,保留意见,立信会计师事务所,"吴震,黄春燕"
300312.SZ,20190429,20181231,带强调事项段的无保留意见,北京兴华会计师事务所,"胡毅,叶民"
300313.SZ,20190426,20181231,保留意见,天健会计师事务所,"黄巧梅,曾丽娟"
300317.SZ,20190426,20181231,带强调事项段的无保留意见,立信会计师事务所,"陈延柏,黄翠冬"
300324.SZ,20190427,20181231,保留意见,立信会计师事务所,"常明,孙彦民"
300362.SZ,20190430,20181231,无法表示意见,信永中和会计师事务所,"罗东先,罗洁"
300363.SZ,20190425,20181231,带强调事项段的无保留意见,天健会计师事务所,"陈应爵,黄娜"
300392.SZ,20190427,20181231,保留意见,中兴财光华会计师事务所,"陈发勇,王军"
300392.SZ,20180425,20171231,带强调事项段的无保留意见,信永中和会计师事务所,"季晟,齐桂华"
300392.SZ,20170429,20161231,带强调事项段的无保留意见,信永中和会计师事务所,"季晟,赵月"
300397.SZ,20180426,20171231,带强调事项段的无保留意见,天健会计师事务所,"李永利,周娅"
300397.SZ,20170426,20161231,带强调事项段的无保留意见,天健会计师事务所,"魏五军,周娅"
300399.SZ,20150828,20150630,带强调事项段的无保留意见,大华会计师事务所,"弓新平,李洪仪"
300411.SZ,20180420,20171231,带强调事项段的无保留意见,天健会计师事务所,"朱大为,吴慧"
300426.SZ,20190430,20181231,带强调事项段的无保留意见,瑞华会计师事务所,"周卿,陆炜炜"
300431.SZ,20190427,20181231,保留意见,大华会计师事务所,"郝丽江,易欢"
300445.SZ,20100426,20091231,保留意见,北京永拓会计师事务所,"秦学昌,陈雪梅"
300461.SZ,20190427,20181231,带强调事项段的无保留意见,立信会计师事务所,"钟建栋,吕爱珍"
300528.SZ,20190412,20181231,保留意见,江苏苏亚金诚会计师事务所,"周家文,尤文波"
600052.SH,20170321,20161231,带强调事项段的无保留意见,天健会计师事务所,"朱大为,耿振"
600053.SH,20130416,20121231,带强调事项段的无保留意见,中磊会计师事务所,"冯丽娟,李静"
600053.SH,20100316,20091231,带强调事项段的无保留意见,中磊会计师事务所,"李国平,汪鹏"
600057.SH,20110228,20101231,带强调事项段的无保留意见,天健正信会计师事务所,"刘维,李志平"
600057.SH,20100301,20091231,带强调事项段的无保留意见,天健正信会计师事务所,"刘维,李志平"
600069.SH,20190426,20181231,保留意见,立信会计师事务所,"田立,张福建"
600074.SH,20190426,20181231,无法表示意见,中审华会计师事务所,"单闽,陈汉全"
600074.SH,20180428,20171231,无法表示意见,立信会计师事务所,"宣宜辰,陈雷"
600074.SH,20130426,20121231,带强调事项段的无保留意见,立信会计师事务所,"肖厚祥,潘大亮"
600074.SH,20120427,20111231,带强调事项段的无保留意见,立信会计师事务所,"肖厚祥,潘大亮"
600076.SH,20150331,20141231,带强调事项段的无保留意见,中兴华会计师事务所,"谢维,韩靖"
600076.SH,20140430,20131231,带强调事项段的无保留意见,中兴华会计师事务所,"谢维,王雪梅"
600076.SH,20120414,20111231,带强调事项段的无保留意见,中磊会计师事务所,"谢维,白秀荣"
600076.SH,20110415,20101231,带强调事项段的无保留意见,中磊会计师事务所,"谢维,王继民"
600076.SH,20100410,20091231,带强调事项段的无保留意见,中磊会计师事务所,"谢维,王继民"
600077.SH,20110305,20101231,保留意见,天健会计师事务所,"陈曙,叶卫民"
600077.SH,20100226,20091231,保留意见,山东天恒信会计师事务所,"李玉明,张佃溪"
600078.SH,20170328,20161231,带强调事项段的无保留意见,江苏公证天业会计师事务所,"朱佑敏,刘建峰"
600078.SH,20160429,20151231,带强调事项段的无保留意见,江苏公证天业会计师事务所,"朱佑敏,刘建峰"
600080.SH,20110326,20101231,带强调事项段的无保留意见,国富浩华会计师事务所,"张炳辉,徐连荣"
600080.SH,20100424,20091231,带强调事项段的无保留意见,国富浩华会计师事务所,"杨滨,徐连荣"
600083.SH,20190430,20181231,保留意见,立信会计师事务所,"张之祥,彭敏琴"
600083.SH,20130126,20121231,带强调事项段的无保留意见,立信会计师事务所,"杜小强,张之祥"
600083.SH,20120316,20111231,带强调事项段的无保留意见,立信会计师事务所,"杜小强,张之祥"
600083.SH,20110301,20101231,带强调事项段的无保留意见,立信大华会计师事务所,"姜干,赵超峰"
600084.SH,20190425,20181231,带强调事项段的无保留意见,北京永拓会计师事务所,"丁文,黄冠伟"
600086.SH,20190430,20181231,带强调事项段的无保留意见,大华会计师事务所,"李东坤,彭威"
600086.SH,20190430,20181231,保留意见,大华会计师事务所,"李东坤,彭威"
600091.SH,20180427,20171231,带强调事项段的无保留意见,大信会计师事务所,"吴育岐,鲁家顺"
600091.SH,20170311,20161231,带强调事项段的无保留意见,瑞华会计师事务所,"孙莉,刘建丽"
600091.SH,20160323,20151231,带强调事项段的无保留意见,瑞华会计师事务所,"栾国保,王晓波"
600091.SH,20150430,20141231,带强调事项段的无保留意见,瑞华会计师事务所,"栾国保,王晓波"
600091.SH,20140430,20131231,带强调事项段的无保留意见,瑞华会计师事务所,"栾国保,王晓波"
600091.SH,20130427,20121231,带强调事项段的无保留意见,中瑞岳华会计师事务所,"栾国保,陆海浪"
600091.SH,20120428,20111231,带强调事项段的无保留意见,利安达会计师事务所,"王晓波,李耀堂"
600091.SH,20110427,20101231,带强调事项段的无保留意见,利安达会计师事务所,"王晓波,李耀堂"
600091.SH,20100430,20091231,带强调事项段的无保留意见,利安达会计师事务所,"王晓波,李耀堂"
600093.SH,20110326,20101231,保留意见,北京天圆全会计师事务所,"刘志新,衣志坤"
600094.SH,20110428,20101231,带强调事项段的无保留意见,天职国际会计师事务所,"王传邦,胡国木"
600094.SH,20100416,20091231,带强调事项段的无保留意见,天职国际会计师事务所,"王传邦,胡国木"
600110.SH,20140426,20131231,保留意见,中准会计师事务所,"韩波,徐运生"
600112.SH,20190427,20181231,保留意见,中审华会计师事务所,"张乾明,周志"
600119.SH,20190430,20181231,带强调事项段的无保留意见,立信会计师事务所,"陈竑,彭城"
600122.SH,20190426,20181231,带强调事项段的无保留意见,江苏苏亚金诚会计师事务所,"林雷,郭志东"
600126.SH,20160416,20151231,带强调事项段的无保留意见,天健会计师事务所,"叶卫民,王建兰"
600126.SH,20150418,20141231,带强调事项段的无保留意见,天健会计师事务所,"叶卫民,王建兰"
600139.SH,20190430,20181231,保留意见,瑞华会计师事务所,"陈松波,李瑶"
600139.SH,20180428,20171231,带强调事项段的无保留意见,瑞华会计师事务所,"张翎,李瑶"
600145.SH,20190509,20181231,无法表示意见,四川华信(集团)会计师事务所,"何寿福,何琼莲"
600145.SH,20180428,20171231,保留意见,大华会计师事务所,"胡进科,薛祁明"
600145.SH,20170428,20161231,保留意见,大华会计师事务所,"徐德,薛祈明"
600145.SH,20160428,20151231,带强调事项段的无保留意见,大华会计师事务所,"徐德,高德慧"
600145.SH,20150429,20141231,保留意见,立信会计师事务所,"郭兆刚,史禹"
600145.SH,20140430,20131231,无法表示意见,天职国际会计师事务所,"徐新毅,王传邦"
600145.SH,20100430,20091231,保留意见,天健正信会计师事务所,"龙文虎,张凯"
600146.SH,20190430,20181231,带强调事项段的无保留意见,中兴财光华会计师事务所,"曹斌,杜会冉"
600146.SH,20160429,20151231,带强调事项段的无保留意见,中兴财光华会计师事务所,"张培军,杜会冉"
600146.SH,20150430,20141231,带强调事项段的无保留意见,中兴财光华会计师事务所,"张培军,杜会冉"
600146.SH,20120428,20111231,保留意见,利安达会计师事务所,"李耀堂,徐宇清"
600146.SH,20110131,20101231,带强调事项段的无保留意见,利安达会计师事务所,"李耀堂,吕庆翔"
600149.SH,20170427,20161231,带强调事项段的无保留意见,中兴华会计师事务所,"郦云斌,许剑辉"
600149.SH,20160324,20151231,带强调事项段的无保留意见,利安达会计师事务所,"郭海兰,尹冬"
600155.SH,20130427,20121231,带强调事项段的无保留意见,四川华信(集团)会计师事务所,"徐家敏,李敏"
600155.SH,20120428,20111231,带强调事项段的无保留意见,四川华信(集团)会计师事务所,"徐家敏,李敏"
600155.SH,20110430,20101231,带强调事项段的无保留意见,四川华信(集团)会计师事务所,"徐家敏,李敏"
600155.SH,20100430,20091231,无法表示意见,四川华信(集团)会计师事务所,"徐家敏,李敏,王映国"
600157.SH,20190430,20181231,带强调事项段的无保留意见,山东和信会计师事务所,"王晖,陆文娟"
600165.SH,20190426,20181231,保留意见,信永中和会计师事务所,"李耀忠,何燕"
600165.SH,20180426,20171231,保留意见,信永中和会计师事务所,"李耀忠,何燕"
600171.SH,20130402,20121231,带强调事项段的无保留意见,大信会计师事务所,"钟永和,王和忠"
600172.SH,20180426,20171231,保留意见,大信会计师事务所,"范金池,杜卫"
600179.SH,20190430,20181231,带强调事项段的无保留意见,华普天健会计师事务所,"郑磊,何平平"
600179.SH,20160429,20151231,带强调事项段的无保留意见,立信会计师事务所,"林盛,李新刚"
600179.SH,20150822,20150630,带强调事项段的无保留意见,立信会计师事务所,"李新刚,林盛"
600179.SH,20150303,20141231,带强调事项段的无保留意见,立信会计师事务所,"林盛,李新刚"
600179.SH,20140418,20131231,带强调事项段的无保留意见,天职国际会计师事务所,"王君,王世海"
600179.SH,20130329,20121231,带强调事项段的无保留意见,天职国际会计师事务所,"王君,王世海"
600179.SH,20120419,20111231,带强调事项段的无保留意见,天职国际会计师事务所,"文武兴,汪吉军"
600180.SH,20120330,20111231,保留意见,立信会计师事务所,"吴蓉,张芳"
600180.SH,20110430,20101231,保留意见,山东正源和信会计师事务所,"刘元锁,单英明"
600180.SH,20100430,20091231,无法表示意见,山东正源和信会计师事务所,"刘元锁,单英明"
600182.SH,20110219,20101231,带强调事项段的无保留意见,北京永拓会计师事务所,"程燕,傅刚"
600186.SH,20190426,20181231,带强调事项段的无保留意见,中兴财光华会计师事务所,"侯胜利,杜丽"
600186.SH,20150430,20141231,带强调事项段的无保留意见,亚太(集团)会计师事务所,"尹超文,王子龙"
600186.SH,20140430,20131231,保留意见,亚太(集团)会计师事务所,"马凤菊,宋新军"
600186.SH,20130427,20121231,保留意见,亚太(集团)会计师事务所,"党惠如,马凤菊"
600186.SH,20120428,20111231,保留意见,亚太(集团)会计师事务所,"党惠如,马凤菊"
600186.SH,20110430,20101231,保留意见,亚太(集团)会计师事务所,"马凤菊,党惠如"
600186.SH,20100430,20091231,保留意见,亚太(集团)会计师事务所,"党惠如,刘俊"
600193.SH,20180428,20171231,带强调事项段的无保留意见,广东正中珠江会计师事务所,"杨文蔚,关文源"
600193.SH,20150423,20141231,带强调事项段的无保留意见,广东正中珠江会计师事务所,"冼宏飞,关文源"
600193.SH,20140426,20131231,带强调事项段的无保留意见,广东正中珠江会计师事务所,"冼宏飞,关文源"
600198.SH,20180426,20171231,带强调事项段的无保留意见,立信会计师事务所,"张军书,安行"
600212.SH,20160408,20151231,带强调事项段的无保留意见,山东和信会计师事务所,"赵卫华,裴广锋"
600212.SH,20150423,20141231,带强调事项段的无保留意见,山东和信会计师事务所,"赵卫华,包西成"
600217.SH,20120313,20111231,带强调事项段的无保留意见,中瑞岳华会计师事务所,"刘贵彬,方建军"
600217.SH,20100318,20091231,带强调事项段的无保留意见,中瑞岳华会计师事务所,"黄丽琼,任军强"
600221.SH,20190430,20181231,带强调事项段的无保留意见,普华永道中天会计师事务所,"杨旭东,陶碧森"
600228.SH,20170311,20161231,带强调事项段的无保留意见,大华会计师事务所,"丁莉,刘勇"
600228.SH,20160319,20151231,带强调事项段的无保留意见,大华会计师事务所,"丁莉,刘勇"
600228.SH,20150312,20141231,带强调事项段的无保留意见,大华会计师事务所,"周益平,刘勇"
600228.SH,20140430,20131231,带强调事项段的无保留意见,大华会计师事务所,"周益平,刘勇"
600228.SH,20130326,20121231,带强调事项段的无保留意见,大华会计师事务所,"周益平,刘勇"
600228.SH,20120410,20111231,带强调事项段的无保留意见,大华会计师事务所,"周益平,管丁才"
600228.SH,20110423,20101231,带强调事项段的无保留意见,立信大华会计师事务所,"周益平,赵翠英"
600231.SH,20140430,20131231,带强调事项段的无保留意见,华普天健会计师事务所,"魏弘,关涛,张静"
600234.SH,20190426,20181231,带强调事项段的无保留意见,广东正中珠江会计师事务所,"王旭彬,张腾"
600234.SH,20180428,20171231,带强调事项段的无保留意见,立信会计师事务所,"张勇,王泽晖"
600234.SH,20170318,20161231,带强调事项段的无保留意见,立信会计师事务所,"张勇,王泽晖"
600234.SH,20160429,20151231,保留意见,中喜会计师事务所,"马燕,梁亚靖"
600234.SH,20130426,20121231,带强调事项段的无保留意见,中喜会计师事务所,"李力,陈翔"
600234.SH,20120320,20111231,带强调事项段的无保留意见,中喜会计师事务所,"李力,陈翔"
600234.SH,20110131,20101231,带强调事项段的无保留意见,中喜会计师事务所,"李力,陈翔"
600234.SH,20100325,20091231,带强调事项段的无保留意见,中喜会计师事务所,"李力,陈翔"
600240.SH,20190427,20181231,无法表示意见,大华会计师事务所,"邱俊洲,陈磊"
600247.SH,20190430,20181231,保留意见,亚太(集团)会计师事务所,"王庆华,周方奇"
600247.SH,20180428,20171231,带强调事项段的无保留意见,亚太(集团)会计师事务所,"王庆华,周方奇"
600247.SH,20170429,20161231,保留意见,亚太(集团)会计师事务所,"王庆华,周方奇"
600247.SH,20160428,20151231,保留意见,亚太(集团)会计师事务所,"王庆华,周方奇"
600247.SH,20150430,20141231,保留意见,亚太(集团)会计师事务所,"王庆华,周方奇"
600247.SH,20140628,20131231,无法表示意见,亚太(集团)会计师事务所,"周英,周含军"
600250.SH,20120428,20111231,保留意见,立信会计师事务所,"伍敏,张爱国"
600255.SH,20190430,20181231,保留意见,华普天健会计师事务所,"毛伟,程超,郑鹏飞"
600256.SH,20130422,20121231,带强调事项段的无保留意见,大华会计师事务所,"张晓义,高德惠"
600258.SH,20110312,20101231,带强调事项段的无保留意见,京都天华会计师事务所,"童登书,高楠"
600258.SH,20100410,20091231,带强调事项段的无保留意见,京都天华会计师事务所,"童登书,高楠"
600262.SH,20160426,20151231,带强调事项段的无保留意见,中勤万信会计师事务所,"张国华,陈明生"
600265.SH,20180324,20171231,带强调事项段的无保留意见,信永中和会计师事务所,"鲍琼,李秋霞"
600265.SH,20160429,20151231,带强调事项段的无保留意见,信永中和会计师事务所,"鲍琼,朱法欢"
600265.SH,20150425,20141231,带强调事项段的无保留意见,信永中和会计师事务所,"鲍琼,朱法欢"
600265.SH,20140419,20131231,保留意见,信永中和会计师事务所,"张为,朱法欢"
600265.SH,20130427,20121231,保留意见,信永中和会计师事务所,"魏勇,朱法欢"
600275.SH,20190424,20181231,带强调事项段的无保留意见,中勤万信会计师事务所,"叶忠辉,吴萍"
600275.SH,20180427,20171231,带强调事项段的无保留意见,中勤万信会计师事务所,"叶忠辉,吴萍"
600275.SH,20170428,20161231,带强调事项段的无保留意见,中勤万信会计师事务所,"叶忠辉,蹇小平"
600275.SH,20160420,20151231,带强调事项段的无保留意见,中勤万信会计师事务所,"叶忠辉,蹇小平"
600275.SH,20150418,20141231,带强调事项段的无保留意见,中勤万信会计师事务所,"覃丽君,蹇小平"
600275.SH,20140425,20131231,带强调事项段的无保留意见,中勤万信会计师事务所,"覃丽君,蹇小平"
600275.SH,20130329,20121231,带强调事项段的无保留意见,中勤万信会计师事务所,"叶忠辉,蹇小平"
600275.SH,20120324,20111231,带强调事项段的无保留意见,中勤万信会计师事务所,"叶忠辉,何煜鑫"
600275.SH,20110428,20101231,带强调事项段的无保留意见,中勤万信会计师事务所,"覃丽君,肖捷"
600275.SH,20100430,20091231,带强调事项段的无保留意见,中勤万信会计师事务所,"叶忠辉,覃丽君"
600281.SH,20190330,20181231,带强调事项段的无保留意见,中兴财光华会计师事务所,"王亮,刘连伟"
600281.SH,20180421,20171231,带强调事项段的无保留意见,中兴财光华会计师事务所,"王亮,谭寿成"
600281.SH,20170429,20161231,带强调事项段的无保留意见,中兴财光华会计师事务所,"王亮,谭寿成"
600281.SH,20160429,20151231,带强调事项段的无保留意见,致同会计师事务所,"王玉才,王增民"
600281.SH,20150428,20141231,带强调事项段的无保留意见,致同会计师事务所,"王玉才,王增民"
600289.SH,20190427,20181231,保留意见,致同会计师事务所,"刘存有,周全龙"
600289.SH,20180425,20171231,无法表示意见,致同会计师事务所,"刘存有,周全龙"
600289.SH,20110330,20101231,带强调事项段的无保留意见,天健正信会计师事务所,"周全龙,刘存有"
600289.SH,20100310,20091231,带强调事项段的无保留意见,天健正信会计师事务所,"周全龙,刘存有"
600290.SH,20130423,20121231,带强调事项段的无保留意见,天健会计师事务所,"朱大为,陈素素"
600301.SH,20180210,20171231,带强调事项段的无保留意见,瑞华会计师事务所,"刘毅,刘业美"
600301.SH,20170330,20161231,带强调事项段的无保留意见,瑞华会计师事务所,"岑敬,刘业美"
600301.SH,20160324,20151231,带强调事项段的无保留意见,瑞华会计师事务所,"岑敬,刘业美"
600301.SH,20150422,20141231,带强调事项段的无保留意见,瑞华会计师事务所,"桑涛,徐凌"
600301.SH,20140415,20131231,带强调事项段的无保留意见,瑞华会计师事务所,"桑涛,黄怀颖"
600301.SH,20130427,20121231,带强调事项段的无保留意见,国富浩华会计师事务所,"桑涛,黄怀颖"
600301.SH,20120427,20111231,带强调事项段的无保留意见,深圳市鹏城会计师事务所,"黄怀颖,闫靖"
600301.SH,20110329,20101231,带强调事项段的无保留意见,深圳市鹏城会计师事务所,"贺琬株,黄怀颖"
600301.SH,20100423,20091231,带强调事项段的无保留意见,深圳市鹏城会计师事务所,"刘丹,黄怀颖"
600306.SH,20190426,20181231,带强调事项段的无保留意见,大华会计师事务所,王秀玉王灵霞
600306.SH,20190426,20181231,带强调事项段的无保留意见,大华会计师事务所,"王秀玉,王灵霞"
600310.SH,20180426,20171231,带强调事项段的无保留意见,大信会计师事务所,"李炜,肖琳"
600310.SH,20140328,20131231,带强调事项段的无保留意见,大信会计师事务所,"陈菁佩,李斌"
600311.SH,20100427,20091231,保留意见,国富浩华会计师事务所,"唐洪广,张海英"
600313.SH,20180427,20171231,保留意见,信永中和会计师事务所,"张萱,刘志锋"
600313.SH,20110427,20101231,带强调事项段的无保留意见,利安达会计师事务所,"黄程,赵国辉"
600313.SH,20100430,20091231,带强调事项段的无保留意见,利安达会计师事务所,"黄程,姜永青"
600319.SH,20190430,20181231,带强调事项段的无保留意见,瑞华会计师事务所,"王夕贤,李满"
600319.SH,20180324,20171231,带强调事项段的无保留意见,瑞华会计师事务所,"王夕贤,王宗佩"
600319.SH,20170218,20161231,带强调事项段的无保留意见,瑞华会计师事务所,"赵艳美,王宗佩"
600319.SH,20160326,20151231,带强调事项段的无保留意见,瑞华会计师事务所,"赵艳美,王宗佩"
600319.SH,20150321,20141231,带强调事项段的无保留意见,瑞华会计师事务所,"赵艳美,王宗佩"
600319.SH,20140426,20131231,带强调事项段的无保留意见,瑞华会计师事务所,"赵艳美,王宗佩"
600319.SH,20130426,20121231,带强调事项段的无保留意见,中瑞岳华会计师事务所,"赵艳美,王宗佩"
600319.SH,20120428,20111231,保留意见,山东正源和信会计师事务所,"张中峰,花建平"
600319.SH,20110301,20101231,保留意见,山东正源和信会计师事务所,"张中峰,吴朋波"
600331.SH,20190427,20181231,带强调事项段的无保留意见,天健会计师事务所,"康雪艳,杨兰"
600331.SH,20180427,20171231,保留意见,天健会计师事务所,"金顺兴,刘洁"
600331.SH,20170428,20161231,带强调事项段的无保留意见,天健会计师事务所,"章为纲,刘志永"
600331.SH,20160429,20151231,带强调事项段的无保留意见,天健会计师事务所,"章为纲,刘志永"
600331.SH,20150429,20141231,带强调事项段的无保留意见,天健会计师事务所,"章为纲,刘志永"
600331.SH,20140315,20131231,带强调事项段的无保留意见,天健会计师事务所,"章为纲,刘志永"
600331.SH,20130425,20121231,带强调事项段的无保留意见,天健会计师事务所,"周荣铭,刘志永"
600339.SH,20160416,20151231,带强调事项段的无保留意见,中审华寅五洲会计师事务所,"张静,常姗姗"
600359.SH,20110430,20101231,保留意见,国富浩华会计师事务所,"范增裕,白惠良"
600359.SH,20100302,20091231,保留意见,国富浩华会计师事务所,"范增裕,白惠良"
600368.SH,20160415,20151231,带强调事项段的无保留意见,致同会计师事务所,"丘树旺,石昊"
600368.SH,20150428,20141231,保留意见,瑞华会计师事务所,"覃业庆,魏国光"
600368.SH,20140410,20131231,带强调事项段的无保留意见,瑞华会计师事务所,"覃业庆,洪霞"
600373.SH,20100427,20091231,带强调事项段的无保留意见,立信大华会计师事务所,"管丁才,丁莉"
600381.SH,20160419,20151231,带强调事项段的无保留意见,瑞华会计师事务所,"仲成贵,江波"
600381.SH,20150131,20141231,带强调事项段的无保留意见,瑞华会计师事务所,"仲成贵,白慧良"
600381.SH,20140731,20140630,带强调事项段的无保留意见,瑞华会计师事务所,"仲成贵,江波"
600381.SH,20140430,20131231,带强调事项段的无保留意见,瑞华会计师事务所,"仲成贵,江波"
600381.SH,20130426,20121231,无法表示意见,众环海华会计师事务所,"肖峰,黄晓华"
600381.SH,20100210,20091231,带强调事项段的无保留意见,武汉众环会计师事务所,"吴杰,黄晓华"
600385.SH,20190425,20181231,带强调事项段的无保留意见,山东和信会计师事务所,"左伟,杨国"
600385.SH,20190425,20181231,保留意见,山东和信会计师事务所,"左伟,杨国"
600385.SH,20180418,20171231,带强调事项段的无保留意见,山东和信会计师事务所,"左伟,杨国"
600385.SH,20170426,20161231,带强调事项段的无保留意见,山东和信会计师事务所,"左伟,韩晓杰"
600385.SH,20160428,20151231,带强调事项段的无保留意见,山东和信会计师事务所,"左伟,郭金明"
600385.SH,20150425,20141231,带强调事项段的无保留意见,山东和信会计师事务所,"刘守堂,张中峰"
600385.SH,20140426,20131231,带强调事项段的无保留意见,山东和信会计师事务所,"刘守堂,张中峰"
600385.SH,20130426,20121231,带强调事项段的无保留意见,山东正源和信会计师事务所,"刘守堂,张中峰"
600385.SH,20120419,20111231,带强调事项段的无保留意见,山东正源和信会计师事务所,"刘守堂,张中峰"
600385.SH,20110422,20101231,带强调事项段的无保留意见,山东正源和信会计师事务所,"刘守堂,张中峰"
600385.SH,20100423,20091231,带强调事项段的无保留意见,山东正源和信会计师事务所,"张中峰,宗军"
600392.SH,20120830,20120630,带强调事项段的无保留意见,中瑞岳华会计师事务所,"姜斌,周利君"
600392.SH,20120428,20111231,带强调事项段的无保留意见,立信会计师事务所,"刘志红,于玮"
600393.SH,20190430,20181231,带强调事项段的无保留意见,中审众环会计师事务所,"吴杰,陈刚"
600399.SH,20180626,20171231,无法表示意见,中准会计师事务所,"宋连作,董震"
600399.SH,20170329,20161231,带强调事项段的无保留意见,中准会计师事务所,"臧德盛,董震"
600401.SH,20190430,20181231,无法表示意见,大华会计师事务所,"张燕,谭荣"
600401.SH,20180428,20171231,无法表示意见,大华会计师事务所,"张燕,谭荣"
600401.SH,20170429,20161231,无法表示意见,大华会计师事务所,"张燕,谭荣"
600401.SH,20150423,20141231,带强调事项段的无保留意见,立信会计师事务所,"诸旭敏,葛晨煜"
600403.SH,20170324,20161231,带强调事项段的无保留意见,希格玛会计师事务所,"徐伟,赵琰"
600403.SH,20160409,20151231,带强调事项段的无保留意见,中勤万信会计师事务所,"李述喜,杨晓峰"
600403.SH,20150415,20141231,保留意见,中勤万信会计师事务所,"李述喜,杨晓峰"
600403.SH,20140416,20131231,保留意见,中勤万信会计师事务所,"李述喜,王建"
600408.SH,20190322,20181231,带强调事项段的无保留意见,立信会计师事务所,"刘志红,杨晋峰"
600408.SH,20180421,20171231,带强调事项段的无保留意见,立信会计师事务所,"张新发,杨晋峰"
600408.SH,20170125,20161231,带强调事项段的无保留意见,立信会计师事务所,"张新发,杨晋峰"
600408.SH,20160305,20151231,带强调事项段的无保留意见,立信会计师事务所,"张新发,杨晋峰"
600408.SH,20150430,20141231,带强调事项段的无保留意见,立信会计师事务所,"于玮,张新发"
600419.SH,20130801,20130630,带强调事项段的无保留意见,立信会计师事务所,"朱瑛,倪晓滨"
600419.SH,20130131,20121231,带强调事项段的无保留意见,立信会计师事务所,"朱瑛,倪晓滨"
600419.SH,20120410,20111231,带强调事项段的无保留意见,立信会计师事务所,"朱瑛,倪晓滨"
600419.SH,20110422,20101231,带强调事项段的无保留意见,立信会计师事务所,"朱瑛,徐珍"
600419.SH,20100402,20091231,带强调事项段的无保留意见,立信会计师事务所,"朱瑛,徐珍"
600421.SH,20190426,20181231,带强调事项段的无保留意见,瑞华会计师事务所,"周卿,谢向黎"
600421.SH,20180428,20171231,带强调事项段的无保留意见,立信会计师事务所,"周铮文,周莉"
600421.SH,20170427,20161231,带强调事项段的无保留意见,立信会计师事务所,"封磊,周莉"
600421.SH,20160428,20151231,带强调事项段的无保留意见,立信会计师事务所,"封磊,谭红梅"
600421.SH,20150430,20141231,带强调事项段的无保留意见,立信会计师事务所,"周铮文,陶奇"
600421.SH,20130205,20121231,带强调事项段的无保留意见,立信会计师事务所,"周铮文,陶奇"
600421.SH,20120427,20111231,带强调事项段的无保留意见,立信会计师事务所,"周铮文,陶奇"
600421.SH,20110426,20101231,带强调事项段的无保留意见,立信会计师事务所,"周铮文,陶奇"
600421.SH,20100427,20091231,保留意见,中审亚太会计师事务所,"余秉立,杨涛"
600423.SH,20190319,20181231,带强调事项段的无保留意见,大信会计师事务所,"陈鹏,姚翠玲"
600423.SH,20180210,20171231,带强调事项段的无保留意见,大信会计师事务所,"陈鹏,姚翠玲"
600423.SH,20170429,20161231,带强调事项段的无保留意见,大信会计师事务所,"李炜,姚翠玲"
600444.SH,20150417,20141231,带强调事项段的无保留意见,大华会计师事务所,"李静,刘力争"
600444.SH,20140228,20131231,带强调事项段的无保留意见,大华会计师事务所,"李静,刘力争"
600444.SH,20130426,20121231,带强调事项段的无保留意见,大华会计师事务所,"李静,吕勇军"
600444.SH,20120409,20111231,带强调事项段的无保留意见,深圳市鹏城会计师事务所,"刘涛,龚义华"
600462.SH,20190430,20181231,无法表示意见,大信会计师事务所,"杨昕,肖祖光"
600462.SH,20120427,20111231,无法表示意见,中准会计师事务所,"韩波,赵德权"
600462.SH,20110319,20101231,带强调事项段的无保留意见,中准会计师事务所,"徐运生,刘昆"
600462.SH,20100423,20091231,带强调事项段的无保留意见,中准会计师事务所,"徐运生,刘昆"
600478.SH,20170325,20161231,带强调事项段的无保留意见,天健会计师事务所,"刘钢跃,郑生军"
600485.SH,20190429,20181231,无法表示意见,致同会计师事务所,"刘均山,刘永学"
600485.SH,20180428,20171231,保留意见,致同会计师事务所,"刘均山,刘永学"
600490.SH,20190425,20181231,带强调事项段的无保留意见,中兴财光华会计师事务所,"吴小辉,汪小刚"
600515.SH,20190430,20181231,带强调事项段的无保留意见,中审众环会计师事务所,"卢剑,吴馁"
600515.SH,20110322,20101231,带强调事项段的无保留意见,中审亚太会计师事务所,"李志林,王中林"
600515.SH,20100331,20091231,带强调事项段的无保留意见,中审亚太会计师事务所,"李志林,胡昌喜"
600516.SH,20111031,20110930,带强调事项段的无保留意见,国富浩华会计师事务所,"刘志文,宫岩"
600516.SH,20110126,20101231,带强调事项段的无保留意见,国富浩华会计师事务所,"刘志文,宫岩"
600516.SH,20100429,20091231,带强调事项段的无保留意见,国富浩华会计师事务所,"宫岩,赵燕"
600518.SH,20190430,20181231,保留意见,广东正中珠江会计师事务所,"杨文蔚,刘清"
600525.SH,20190427,20181231,保留意见,上会会计师事务所,"张力,谢金香"
600532.SH,20190425,20181231,保留意见,中审亚太会计师事务所,"臧其冠,刘伟"
600532.SH,20180425,20171231,保留意见,众华会计师事务所,"周敏,王丽芳"
600532.SH,20120329,20111231,带强调事项段的无保留意见,利安达会计师事务所,"孙莉,王晓波"
600532.SH,20110429,20101231,保留意见,利安达会计师事务所,"孙莉,王晓波"
600539.SH,20150418,20141231,无法表示意见,中喜会计师事务所,"石长海,王英伟"
600539.SH,20140418,20131231,带强调事项段的无保留意见,中喜会计师事务所,"王英伟,石长海"
600539.SH,20130419,20121231,带强调事项段的无保留意见,中喜会计师事务所,"侯卫星,史艳萍"
600539.SH,20120418,20111231,带强调事项段的无保留意见,中喜会计师事务所,"侯卫星,马文艳"
600546.SH,20180428,20171231,带强调事项段的无保留意见,立信会计师事务所,"肖勇,杨建利"
600546.SH,20170331,20161231,带强调事项段的无保留意见,立信会计师事务所,"肖勇,杨建利"
600546.SH,20160429,20151231,带强调事项段的无保留意见,立信会计师事务所,"肖勇,杨建利"
600546.SH,20150424,20141231,带强调事项段的无保留意见,立信会计师事务所,"肖勇,崔云刚"
600555.SH,20190429,20181231,带强调事项段的无保留意见,普华永道中天会计师事务所,"荆晟昀,王凯"
600555.SH,20130427,20121231,无法表示意见,普华永道中天会计师事务所,"孙颖,赵波"
600556.SH,20140429,20131231,带强调事项段的无保留意见,大信会计师事务所,"樊娟华,宁光美"
600556.SH,20130427,20121231,带强调事项段的无保留意见,大信会计师事务所,"王忠保,杨彦东"
600556.SH,20120428,20111231,带强调事项段的无保留意见,中磊会计师事务所,"丁亭亭,邹宏文"
600556.SH,20110430,20101231,带强调事项段的无保留意见,中磊会计师事务所,"王越,樊娟华"
600556.SH,20100430,20091231,带强调事项段的无保留意见,中磊会计师事务所,"韩蓉德,张君"
600567.SH,20150430,20141231,带强调事项段的无保留意见,天健会计师事务所,"沃巍勇,黄加才"
600568.SH,20190430,20181231,保留意见,立信会计师事务所,"李顺利,万萍"
600570.SH,20190330,20181231,带强调事项段的无保留意见,天健会计师事务所,"黄加才,沈霞芬"
600570.SH,20180327,20171231,带强调事项段的无保留意见,天健会计师事务所,"黄加才,沈霞芬"
600570.SH,20170328,20161231,带强调事项段的无保留意见,天健会计师事务所,"沃巍勇,陈彩琴"
600570.SH,20160329,20151231,带强调事项段的无保留意见,天健会计师事务所,"沃巍勇,陈彩琴"
600575.SH,20160331,20151231,带强调事项段的无保留意见,天健会计师事务所,"乔如林,卢冠群,杨文志"
600575.SH,20150430,20141231,带强调事项段的无保留意见,天健会计师事务所,"乔如林,卢冠群,杨文志"
600575.SH,20140226,20131231,带强调事项段的无保留意见,天健会计师事务所,"乔如林,卢冠群,杨文志"
600575.SH,20130226,20121231,带强调事项段的无保留意见,天健会计师事务所,"乔如林,卢冠群,杨文志"
600576.SH,20170429,20161231,带强调事项段的无保留意见,上会会计师事务所,"杨滢,张立"
600579.SH,20130426,20121231,带强调事项段的无保留意见,大信会计师事务所,"赵焕森,董洪军"
600579.SH,20120427,20111231,带强调事项段的无保留意见,大信会计师事务所,"林盛,董洪军"
600579.SH,20110310,20101231,带强调事项段的无保留意见,大信会计师事务所,"林盛,董洪军"
600581.SH,20170425,20161231,带强调事项段的无保留意见,瑞华会计师事务所,"赵金义,郭勇"
600581.SH,20160329,20151231,带强调事项段的无保留意见,瑞华会计师事务所,"田志刚,赵金义"
600595.SH,20190430,20181231,带强调事项段的无保留意见,北京兴华会计师事务所,"张恩军,马云伟"
600596.SH,20170406,20161231,带强调事项段的无保留意见,天健会计师事务所,"李德勇,梁志勇"
600596.SH,20150424,20141231,带强调事项段的无保留意见,天健会计师事务所,"李德勇,梁志勇"
600598.SH,20140327,20131231,保留意见,瑞华会计师事务所,"宋卫东,刘济杰"
600598.SH,20130425,20121231,保留意见,信永中和会计师事务所,"唐炫,曲锦绘"
600599.SH,20190419,20181231,带强调事项段的无保留意见,天健会计师事务所,"刘钢跃,周毅"
600599.SH,20140430,20131231,保留意见,天健会计师事务所,"龙文虎,朱波平"
600603.SH,20160205,20151231,带强调事项段的无保留意见,瑞华会计师事务所,"黄清双,韩仰"
600603.SH,20130320,20121231,带强调事项段的无保留意见,中瑞岳华会计师事务所,"张力,黄清双"
600603.SH,20120118,20111231,带强调事项段的无保留意见,中瑞岳华会计师事务所,"张力,黄清双"
600603.SH,20110225,20101231,带强调事项段的无保留意见,中瑞岳华会计师事务所,"张力,江亮君"
600603.SH,20100303,20091231,带强调事项段的无保留意见,立信会计师事务所,"韩频,郑钢"
600608.SH,20120313,20111231,保留意见,立信会计师事务所,"童冰薇,王群艳"
600608.SH,20110427,20101231,保留意见,立信会计师事务所,"康吉言,童冰薇"
600608.SH,20100429,20091231,无法表示意见,上海上会会计师事务所,"沈佳云,董文茜"
600609.SH,20170330,20161231,带强调事项段的无保留意见,众华会计师事务所,"楼光华,杭思源"
600609.SH,20160331,20151231,带强调事项段的无保留意见,众华会计师事务所,"楼光华,杭思源"
600609.SH,20150320,20141231,带强调事项段的无保留意见,众华会计师事务所,"楼光华,杭思源"
600609.SH,20140319,20131231,带强调事项段的无保留意见,众华会计师事务所,"楼光华,杭思源"
600609.SH,20130329,20121231,带强调事项段的无保留意见,上海众华沪银会计师事务所,"楼光华,温如春"
600609.SH,20120414,20111231,带强调事项段的无保留意见,深圳市鹏城会计师事务所,"刘军,张文燕"
600609.SH,20100430,20091231,带强调事项段的无保留意见,深圳市鹏城会计师事务所,"李海林,温如春"
600610.SH,20190628,20181231,无法表示意见,中喜会计师事务所,"沈建平,陈昱池"
600610.SH,20180830,20171231,无法表示意见,四川华信(集团)会计师事务所,"唐方模,何寿福"
600610.SH,20180830,20171231,无法表示意见,四川华信(集团)会计师事务所,"唐方模,何寿福"
600610.SH,20170418,20161231,带强调事项段的无保留意见,亚太(集团)会计师事务所,"孙政军,徐海峰"
600610.SH,20140327,20131231,带强调事项段的无保留意见,众华会计师事务所,"戎凯宇,杨明"
600614.SH,20190426,20181231,无法表示意见,华普天健会计师事务所,"范学军,王英航,周仕洪"
600615.SH,20190426,20181231,保留意见,天健会计师事务所,"弋守川,华瑜"
600617.SH,20130427,20121231,带强调事项段的无保留意见,上海上会会计师事务所,"张晓荣,石东骏"
600617.SH,20120214,20111231,带强调事项段的无保留意见,上海上会会计师事务所,"张晓荣,王磊"
600617.SH,20110329,20101231,带强调事项段的无保留意见,上海上会会计师事务所,"张晓荣,王磊"
600617.SH,20100430,20091231,带强调事项段的无保留意见,上海上会会计师事务所,"张晓荣,王磊"
600634.SH,20190427,20181231,保留意见,中汇会计师事务所,"李宁,阮喆"
600634.SH,20180428,20171231,无法表示意见,众华会计师事务所,"李文祥,焦晓斌"
600634.SH,20130427,20121231,保留意见,上海上会会计师事务所,"刘小虎,沈佳云"
600634.SH,20110406,20101231,保留意见,上海上会会计师事务所,"沈佳云,倪颖"
600634.SH,20100429,20091231,无法表示意见,上海上会会计师事务所,"沈佳云,倪颖"
600654.SH,20190430,20181231,带强调事项段的无保留意见,大华会计师事务所,"于建永,赵金"
600654.SH,20180428,20171231,带强调事项段的无保留意见,大华会计师事务所,"于建永,赵金"
600654.SH,20170429,20161231,带强调事项段的无保留意见,大华会计师事务所,"于建永,赵金"
600666.SH,20190426,20181231,保留意见,大华会计师事务所,"于建永,段岩峰"
600667.SH,20100430,20091231,带强调事项段的无保留意见,江苏公证天业会计师事务所,"金章罗,赵焕琪"
600671.SH,20160203,20151231,带强调事项段的无保留意见,中审华寅五洲会计师事务所,"易冬,刘志民"
600671.SH,20150415,20141231,带强调事项段的无保留意见,中审华寅五洲会计师事务所,"易冬,刘志民"
600671.SH,20120428,20111231,保留意见,华寅会计师事务所,"李树建,尚国海"
600671.SH,20110430,20101231,保留意见,信永中和会计师事务所,"路清,吕淑艳"
600671.SH,20100429,20091231,保留意见,天健会计师事务所,"叶卫民,姜伟跃"
600677.SH,20170429,20161231,保留意见,天职国际会计师事务所,"汪吉军,施涛"
600678.SH,20170228,20161231,带强调事项段的无保留意见,中汇会计师事务所,"赵书阳,唐小琴"
600678.SH,20160422,20151231,带强调事项段的无保留意见,瑞华会计师事务所,"潘新华,张先发"
600678.SH,20120225,20111231,带强调事项段的无保留意见,中汇会计师事务所,"高峰,唐湘衡"
600678.SH,20110129,20101231,保留意见,中汇会计师事务所,"高峰,唐湘衡"
600678.SH,20100427,20091231,无法表示意见,信永中和会计师事务所,"罗建平,赵书阳"
600681.SH,20120428,20111231,带强调事项段的无保留意见,众环海华会计师事务所,"杨红青,刘定超"
600681.SH,20110303,20101231,带强调事项段的无保留意见,武汉众环会计师事务所,"杨红青,马朝永"
600681.SH,20100417,20091231,带强调事项段的无保留意见,武汉众环会计师事务所,"杨红青,马朝永"
600682.SH,20190426,20181231,带强调事项段的无保留意见,江苏苏亚金诚会计师事务所,"戴庭忠,王栩"
600687.SH,20190430,20181231,无法表示意见,众华会计师事务所,"孙立倩,黄恺"
600689.SH,20140414,20131231,带强调事项段的无保留意见,立信会计师事务所,"庄继宁,吴海燕"
600691.SH,20140425,20131231,带强调事项段的无保留意见,中勤万信会计师事务所,"张全成,梁海涌"
600691.SH,20120824,20120630,带强调事项段的无保留意见,信永中和会计师事务所,
600691.SH,20120328,20111231,带强调事项段的无保留意见,信永中和会计师事务所,"庄瑞兰,阳林"
600691.SH,20110824,20110630,无法表示意见,信永中和会计师事务所,"庄瑞兰,阳林"
600691.SH,20110430,20101231,无法表示意见,信永中和会计师事务所,"庄瑞兰,阳林"
600691.SH,20100421,20091231,无法表示意见,信永中和会计师事务所,"庄瑞兰,阳林"
600696.SH,20170328,20161231,保留意见,中喜会计师事务所,"李力,陈翔"
600696.SH,20150429,20141231,保留意见,中喜会计师事务所,"李力,马燕"
600698.SH,20120427,20111231,带强调事项段的无保留意见,大信会计师事务所,"胡咏华,刘世武"
600698.SH,20110331,20101231,带强调事项段的无保留意见,大信会计师事务所,"胡咏华,杨金学"
600699.SH,20110427,20101231,带强调事项段的无保留意见,中准会计师事务所,"刘昆,富强"
600699.SH,20100430,20091231,带强调事项段的无保留意见,中准会计师事务所,
600701.SH,20190430,20181231,保留意见,中准会计师事务所,"赵德权,徐运生"
600701.SH,20180428,20171231,无法表示意见,中准会计师事务所,"李丽,徐运生"
600705.SH,20120210,20111231,带强调事项段的无保留意见,大华会计师事务所,"董群先,姜韬"
600705.SH,20110430,20101231,带强调事项段的无保留意见,天健正信会计师事务所,"董群先,姜韬"
600705.SH,20100430,20091231,无法表示意见,天健正信会计师事务所,"董群先,姜韬"
600706.SH,20120308,20111231,带强调事项段的无保留意见,中磊会计师事务所,"黄菊,王越"
600706.SH,20110729,20110630,带强调事项段的无保留意见,中磊会计师事务所,"黄菊,王越"
600706.SH,20110129,20101231,带强调事项段的无保留意见,中磊会计师事务所,"王越,李官信"
600707.SH,20170317,20161231,带强调事项段的无保留意见,大信会计师事务所,"许峰,张玮"
600707.SH,20160325,20151231,带强调事项段的无保留意见,信永中和会计师事务所,"张昆,孙有航"
600707.SH,20150313,20141231,带强调事项段的无保留意见,信永中和会计师事务所,"张昆,王锋革"
600707.SH,20140306,20131231,带强调事项段的无保留意见,信永中和会计师事务所,"张昆,宗承勇"
600707.SH,20130329,20121231,带强调事项段的无保留意见,信永中和会计师事务所,"张昆,宗承勇"
600707.SH,20120329,20111231,带强调事项段的无保留意见,信永中和会计师事务所,"汪洋,宗承勇"
600710.SH,20160330,20151231,带强调事项段的无保留意见,信永中和会计师事务所,"王勇,陈军"
600710.SH,20150425,20141231,保留意见,信永中和会计师事务所,"张克东,陈军"
600713.SH,20120427,20111231,带强调事项段的无保留意见,天衡会计师事务所,"骆竞,陆德忠"
600715.SH,20150129,20141231,带强调事项段的无保留意见,瑞华会计师事务所,"徐超玉,杨磊"
600715.SH,20140807,20140630,带强调事项段的无保留意见,瑞华会计师事务所,"徐超玉,李建长"
600715.SH,20140424,20131231,带强调事项段的无保留意见,瑞华会计师事务所,"徐超玉,李建长"
600715.SH,20130720,20130630,带强调事项段的无保留意见,中准会计师事务所,"臧德盛,刘其东"
600715.SH,20130427,20121231,带强调事项段的无保留意见,中准会计师事务所,"臧德盛,刘其东"
600715.SH,20120427,20111231,带强调事项段的无保留意见,中准会计师事务所,"张福建,刘璐"
600715.SH,20110428,20101231,带强调事项段的无保留意见,中准会计师事务所,"刘璐,臧德盛"
600715.SH,20100429,20091231,带强调事项段的无保留意见,中准会计师事务所,"刘璐,臧德盛"
600721.SH,20190429,20181231,保留意见,瑞华会计师事务所,"杨化江,寻兴隆"
600725.SH,20190323,20181231,带强调事项段的无保留意见,中审众环会计师事务所,"方自维,代洁"
600725.SH,20180329,20171231,带强调事项段的无保留意见,大华会计师事务所,"胡进科,李承芳"
600725.SH,20170308,20161231,带强调事项段的无保留意见,大华会计师事务所,"胡进科,李承芳"
600725.SH,20160429,20151231,带强调事项段的无保留意见,大华会计师事务所,"胡进科,李承芳"
600732.SH,20160318,20151231,保留意见,众华会计师事务所,"楼光华,赵咏梅"
600742.SH,20160414,20151231,保留意见,瑞华会计师事务所,"张富根,徐伟东"
600747.SH,20190430,20181231,无法表示意见,希格玛会计师事务所,"桂标,刘一锋"
600747.SH,20180428,20171231,保留意见,中喜会计师事务所,"李力,马燕"
600747.SH,20170429,20161231,无法表示意见,中勤万信会计师事务所,"李跃龙,李勇"
600751.SH,20190427,20181231,带强调事项段的无保留意见,普华永道中天会计师事务所,"荆晟昀,陈如奕"
600751.SH,20180428,20171231,带强调事项段的无保留意见,普华永道中天会计师事务所,"段永强,陈如奕"
600751.SH,20120413,20111231,带强调事项段的无保留意见,五洲松德联合会计师事务所,"尹琳,梁雪萍"
600751.SH,20100420,20091231,带强调事项段的无保留意见,信永中和会计师事务所,"周海涛,梁莉"
600753.SH,20170330,20161231,带强调事项段的无保留意见,信永中和会计师事务所,"潘传云,李颖"
600753.SH,20160226,20151231,带强调事项段的无保留意见,信永中和会计师事务所,"潘传云,李颖"
600753.SH,20150430,20141231,保留意见,信永中和会计师事务所,"侯黎明,胡小琴"
600753.SH,20140430,20131231,保留意见,大信会计师事务所,"蔺怀阳,侯黎明"
600753.SH,20130426,20121231,保留意见,大信会计师事务所,"蔺怀阳,侯黎明"
600753.SH,20120427,20111231,保留意见,大信会计师事务所,"侯黎明,蔺怀阳"
600753.SH,20110429,20101231,保留意见,利安达会计师事务所,"孙莉,李耀堂"
600757.SH,20110315,20101231,带强调事项段的无保留意见,天职国际会计师事务所,"王传邦,胡国木"
600757.SH,20100330,20091231,无法表示意见,天职国际会计师事务所,"王传邦,叶慧"
600759.SH,20190427,20181231,带强调事项段的无保留意见,中汇会计师事务所,"况永宏,马东宇"
600760.SH,20160426,20151231,带强调事项段的无保留意见,北京中证天通会计师事务所,"戴波,姜长龄"
600760.SH,20150429,20141231,带强调事项段的无保留意见,北京中证天通会计师事务所,"戴波,张文森"
600760.SH,20110430,20101231,带强调事项段的无保留意见,中瑞岳华会计师事务所,"江晓云,冯涛"
600764.SH,20110329,20101231,带强调事项段的无保留意见,大信会计师事务所,"密惠红,邱桂华"
600764.SH,20100330,20091231,带强调事项段的无保留意见,大信会计师事务所,"密惠红,冯发明"
600766.SH,20120427,20111231,带强调事项段的无保留意见,众环海华会计师事务所,"谢峰,王郁"
600766.SH,20110430,20101231,保留意见,武汉众环会计师事务所,"王郁,肖昊来"
600768.SH,20190430,20181231,带强调事项段的无保留意见,天健会计师事务所,"张芹,黄锦洪"
600768.SH,20180403,20171231,带强调事项段的无保留意见,天健会计师事务所,"黄锦洪,张芹"
600768.SH,20170328,20161231,带强调事项段的无保留意见,天健会计师事务所,"毛晓东,黄锦洪"
600768.SH,20160412,20151231,带强调事项段的无保留意见,天健会计师事务所,"钟建国,张孟东"
600768.SH,20140429,20131231,带强调事项段的无保留意见,天健会计师事务所,"毛晓东,宁一锋"
600768.SH,20130402,20121231,带强调事项段的无保留意见,天健会计师事务所,"毛晓东,宁一锋"
600768.SH,20120424,20111231,带强调事项段的无保留意见,天健会计师事务所,"毛晓东,宁一锋"
600769.SH,20130427,20121231,带强调事项段的无保留意见,众环海华会计师事务所,"闵超,彭翔"
600769.SH,20120427,20111231,带强调事项段的无保留意见,众环海华会计师事务所,"王郁,闵超"
600771.SH,20130419,20121231,带强调事项段的无保留意见,中磊会计师事务所,"蒋淑霞,秦春芝"
600771.SH,20120424,20111231,带强调事项段的无保留意见,天健正信会计师事务所,"赵孔霞,王伟雄"
600771.SH,20110428,20101231,带强调事项段的无保留意见,天健正信会计师事务所,"赵孔霞,王伟雄"
600771.SH,20100430,20091231,无法表示意见,天健正信会计师事务所,"赵孔霞,王建峰"
600779.SH,20150430,20141231,保留意见,毕马威华振会计师事务所,"林建昆,陈轶"
600784.SH,20130730,20130630,保留意见,大信会计师事务所,"何政,田景智"
600792.SH,20110805,20110630,带强调事项段的无保留意见,中瑞岳华会计师事务所,"张彤,梅志刚"
600792.SH,20110328,20101231,带强调事项段的无保留意见,中瑞岳华会计师事务所,"梅志刚,张彤"
600792.SH,20100810,20100630,带强调事项段的无保留意见,中瑞岳华会计师事务所,"梅志刚,王军"
600792.SH,20100210,20091231,带强调事项段的无保留意见,中瑞岳华会计师事务所,"梅志刚,王军"
600793.SH,20170408,20161231,带强调事项段的无保留意见,四川华信(集团)会计师事务所,"刘均,李武林"
600793.SH,20160227,20151231,带强调事项段的无保留意见,四川华信(集团)会计师事务所,"刘均,李敏"
600793.SH,20100430,20091231,带强调事项段的无保留意见,信永中和会计师事务所,"蒋红武,何勇"
600800.SH,20190312,20181231,带强调事项段的无保留意见,瑞华会计师事务所,"宋长发,徐春"
600800.SH,20180412,20171231,带强调事项段的无保留意见,瑞华会计师事务所,"宋长发,徐春"
600800.SH,20170427,20161231,保留意见,瑞华会计师事务所,"宋长发,徐春"
600800.SH,20160415,20151231,带强调事项段的无保留意见,瑞华会计师事务所,"宋长发,徐春"
600800.SH,20150410,20141231,带强调事项段的无保留意见,瑞华会计师事务所,"宋长发,徐春"
600800.SH,20140429,20131231,保留意见,中审华寅五洲会计师事务所,"沈芳,王自勇"
600800.SH,20130425,20121231,带强调事项段的无保留意见,华寅五洲会计师事务所,"王自勇,沈芳"
600800.SH,20120330,20111231,带强调事项段的无保留意见,信永中和会计师事务所,"张萱,张菁"
600800.SH,20110409,20101231,带强调事项段的无保留意见,信永中和会计师事务所,"张萱,张菁"
600800.SH,20100310,20091231,带强调事项段的无保留意见,国富浩华会计师事务所,"宋长发,徐春"
600807.SH,20190413,20181231,带强调事项段的无保留意见,中兴华会计师事务所,"徐世欣,王洪德"
600807.SH,20180428,20171231,无法表示意见,瑞华会计师事务所,"刁云涛,李瑞红"
600810.SH,20160415,20151231,带强调事项段的无保留意见,立信会计师事务所,"杨东升,李花"
600815.SH,20190429,20181231,带强调事项段的无保留意见,致同会计师事务所,"许瑞生,郑伟平"
600815.SH,20170428,20161231,带强调事项段的无保留意见,致同会计师事务所,"熊建益,许瑞生"
600817.SH,20130427,20121231,带强调事项段的无保留意见,立信会计师事务所,"戴定毅,郑钢"
600817.SH,20120426,20111231,带强调事项段的无保留意见,立信会计师事务所,"戴定毅,郑钢"
600817.SH,20110430,20101231,带强调事项段的无保留意见,立信会计师事务所,"韩频,郑钢"
600817.SH,20100320,20091231,无法表示意见,上海众华沪银会计师事务所,"傅林生,陆仕敏"
600822.SH,20160430,20151231,带强调事项段的无保留意见,立信会计师事务所,"钱志昂,丁陈隆"
600822.SH,20150325,20141231,带强调事项段的无保留意见,立信会计师事务所,"钱志昂,丁陈隆"
600822.SH,20140429,20131231,带强调事项段的无保留意见,立信会计师事务所,"钱志昂,丁陈隆"
600844.SH,20190419,20181231,带强调事项段的无保留意见,中兴华会计师事务所,"靳军,夏仁俊"
600848.SH,20150317,20141231,带强调事项段的无保留意见,德勤华永会计师事务所,"原守清,顾嵛平"
600848.SH,20140328,20131231,带强调事项段的无保留意见,德勤华永会计师事务所,"原守清,顾嵛平"
600848.SH,20130329,20121231,带强调事项段的无保留意见,德勤华永会计师事务所,"原守清,吕润"
600848.SH,20120328,20111231,带强调事项段的无保留意见,德勤华永会计师事务所,"原守清,顾嵛平"
600848.SH,20110330,20101231,带强调事项段的无保留意见,德勤华永会计师事务所,"原守清,沈简文"
600848.SH,20100331,20091231,带强调事项段的无保留意见,立信会计师事务所,"周铮文,谭红梅"
600856.SH,20190430,20181231,保留意见,立信中联会计师事务所,"高凯,周赫然"
600857.SH,20180424,20171231,带强调事项段的无保留意见,立信会计师事务所,"周琪,何剑"
600857.SH,20170328,20161231,带强调事项段的无保留意见,立信会计师事务所,"周琪,何剑"
600868.SH,20100420,20091231,带强调事项段的无保留意见,广东正中珠江会计师事务所,"熊永忠,王旭彬"
600870.SH,20190330,20181231,带强调事项段的无保留意见,大信会计师事务所,"朱劲松,刘明"
600870.SH,20180426,20171231,带强调事项段的无保留意见,福建华兴会计师事务所,"江叶瑜,李卓良"
600870.SH,20170228,20161231,带强调事项段的无保留意见,福建华兴会计师事务所,"童益恭,李卓良"
600870.SH,20160326,20151231,带强调事项段的无保留意见,福建华兴会计师事务所,"童益恭,李卓良"
600870.SH,20150430,20141231,带强调事项段的无保留意见,福建华兴会计师事务所,"林霞,李卓良"
600870.SH,20140830,20140630,带强调事项段的无保留意见,福建华兴会计师事务所,"林霞,李卓良"
600870.SH,20140426,20131231,带强调事项段的无保留意见,福建华兴会计师事务所,"林霞,李卓良"
600876.SH,20100331,20091231,带强调事项段的无保留意见,大信会计师事务所,"索保国,乔冠芳"
600877.SH,20180326,20171231,带强调事项段的无保留意见,立信会计师事务所,"胡彬,贺顺祥"
600877.SH,20170429,20161231,带强调事项段的无保留意见,立信会计师事务所,"祁涛,龙勇"
600882.SH,20120317,20111231,带强调事项段的无保留意见,中瑞岳华会计师事务所,"张富根,彭军"
600885.SH,20120310,20111231,带强调事项段的无保留意见,众环海华会计师事务所,"杨红青,李武鹏"
600890.SH,20190427,20181231,带强调事项段的无保留意见,中审众环会计师事务所,"黄丽琼,张玲"
600890.SH,20180420,20171231,带强调事项段的无保留意见,中审众环会计师事务所,"黄丽琼,张玲"
600890.SH,20170429,20161231,带强调事项段的无保留意见,中审众环会计师事务所,"黄丽琼,张玲"
600890.SH,20160205,20151231,带强调事项段的无保留意见,瑞华会计师事务所,"夏宏林,史俊芳"
600890.SH,20150417,20141231,带强调事项段的无保留意见,瑞华会计师事务所,"夏宏林,吴飞飞"
600890.SH,20140325,20131231,带强调事项段的无保留意见,瑞华会计师事务所,"夏宏林,吴飞飞"
600890.SH,20130426,20121231,带强调事项段的无保留意见,中瑞岳华会计师事务所,"夏宏林,吴飞飞"
600890.SH,20120225,20111231,带强调事项段的无保留意见,中瑞岳华会计师事务所,"夏宏林,尹明"
600890.SH,20110319,20101231,带强调事项段的无保留意见,中天运会计师事务所,"刘红卫,骆彧"
600890.SH,20100416,20091231,带强调事项段的无保留意见,中天运会计师事务所,"刘红卫,骆彧"
600891.SH,20190430,20181231,无法表示意见,大信会计师事务所,"杜建,郭东星"
600891.SH,20170428,20161231,保留意见,瑞华会计师事务所,"李豫龙,李薇"
600891.SH,20150421,20141231,带强调事项段的无保留意见,瑞华会计师事务所,"田楠,张海洋"
600891.SH,20140426,20131231,带强调事项段的无保留意见,瑞华会计师事务所,"田楠,张海洋"
600891.SH,20130427,20121231,带强调事项段的无保留意见,利安达会计师事务所,"王纪,李耀堂"
600891.SH,20120428,20111231,保留意见,利安达会计师事务所,"王纪,张海洋"
600891.SH,20100429,20091231,带强调事项段的无保留意见,利安达会计师事务所,"田楠,魏娟"
600892.SH,20110225,20101231,带强调事项段的无保留意见,中喜会计师事务所,"高明来,霍巧红"
600892.SH,20100422,20091231,带强调事项段的无保留意见,中喜会计师事务所,"刘淑君,霍巧红"
600894.SH,20120211,20111231,带强调事项段的无保留意见,广东正中珠江会计师事务所,"蒋洪峰,姚静"
600898.SH,20120310,20111231,带强调事项段的无保留意见,山东天恒信会计师事务所,"张敬鸿,庞勇"
600898.SH,20110312,20101231,保留意见,山东天恒信会计师事务所,"李玉明,庞勇"
600898.SH,20100430,20091231,保留意见,国富浩华会计师事务所,"吴新民,张廷华"
600928.SH,20110104,20071231,带强调事项段的无保留意见,中天银会计师事务所陕西分所,
600928.SH,20110104,20061231,带强调事项段的无保留意见,中天银会计师事务所陕西分所,
600965.SH,20110326,20101231,保留意见,北京永拓会计师事务所,"潘高峰,廖翠红"
600966.SH,20140624,20131231,保留意见,瑞华会计师事务所,"王传顺,何峰"
600979.SH,20150430,20141231,带强调事项段的无保留意见,瑞华会计师事务所,"张卓,吴青松"
600986.SH,20110428,20101231,带强调事项段的无保留意见,北京天圆全会计师事务所,"谢东,任文君"
600986.SH,20100428,20091231,保留意见,北京天圆全会计师事务所,"李知好,于翠莲"
600988.SH,20120312,20111231,带强调事项段的无保留意见,大信会计师事务所,"刘抗琴,刘经进"
600988.SH,20110328,20101231,保留意见,大信会计师事务所,"刘经进,李顺利"
600988.SH,20100428,20091231,保留意见,大信会计师事务所,"揭明,刘经进"
601177.SH,20170408,20161231,带强调事项段的无保留意见,天健会计师事务所,"傅芳芳,林权"
601258.SH,20190430,20181231,保留意见,立信会计师事务所,"常明,姜巍"
601518.SH,20150403,20141231,带强调事项段的无保留意见,天健会计师事务所,"张希文,刘洁"
601519.SH,20160429,20151231,带强调事项段的无保留意见,立信会计师事务所,"葛勤,黄海"
601558.SH,20190330,20181231,带强调事项段的无保留意见,中汇会计师事务所,"谢贤庆,黄平"
601558.SH,20180331,20171231,带强调事项段的无保留意见,中汇会计师事务所,"谢贤庆,黄平"
601558.SH,20170425,20161231,带强调事项段的无保留意见,中汇会计师事务所,"张滨滨,金晓青"
601558.SH,20160416,20151231,带强调事项段的无保留意见,中汇会计师事务所,"谢贤庆,张滨滨"
601558.SH,20150428,20141231,带强调事项段的无保留意见,中汇会计师事务所,"谢贤庆,张滨滨"
601558.SH,20140430,20131231,保留意见,瑞华会计师事务所,"刘洪跃,王志伟"
601579.SH,20190417,20181231,带强调事项段的无保留意见,天健会计师事务所,"林国雄,张琳"
601618.SH,20120330,20111231,带强调事项段的无保留意见,普华永道中天会计师事务所,"赵建荣,林林"
601860.SH,20140428,20131231,保留意见,信永中和会计师事务所南京分所,
601860.SH,20130430,20121231,保留意见,江苏天华大彭会计师事务所,
601860.SH,20120308,20111231,保留意见,中天银会计师事务所江苏分所,
601880.SH,20180327,20171231,保留意见,普华永道中天会计师事务所,"关兆文,薛昕玉"
601901.SH,20150430,20141231,带强调事项段的无保留意见,天健会计师事务所,"魏五军,张恩学"
601975.SH,20150417,20141231,带强调事项段的无保留意见,信永中和会计师事务所,"树新,冯光辉"
601975.SH,20140322,20131231,无法表示意见,信永中和会计师事务所,"树新,廖志勇"
601975.SH,20130420,20121231,保留意见,信永中和会计师事务所,"树新,廖志勇"
601985.SH,20110217,20091231,带强调事项段的无保留意见,信永中和会计师事务所,
603111.SH,20190430,20181231,带强调事项段的无保留意见,江苏苏亚金诚会计师事务所,"黄根进,钱美琴"
603227.SH,20160426,20151231,带强调事项段的无保留意见,大华会计师事务所,"张艳红,刘国辉"
603355.SH,20190427,20181231,带强调事项段的无保留意见,信永中和会计师事务所,"叶胜平,提汝明"
603555.SH,20180428,20171231,带强调事项段的无保留意见,天健会计师事务所,"黄志恒,章天赐"
603996.SH,20190430,20181231,保留意见,天健会计师事务所,"徐晋波,吴长木"
